Student_ID,Attendance_Percentage,Mid_Term_Marks,Assignment_Score,Class_Participation,Activity_Participation,Aggregate_Academic_Score,Performance_Label
S0001,90.0,80.0,95.0,5.0,No,81.0,Good
S0010,90.0,80.0,95.0,3.0,Yes,61.0,At-Risk
S0011,80.0,85.0,95.0,10.0,No,61.0,At-Risk
S0012,90.0,80.0,95.0,8.0,Yes,41.0,Good
S0013,90.0,78.0,95.0,3.0,Yes,39.0,Good
S0014,90.0,80.0,95.0,8.0,Yes,80.0,Average
S0017,80.0,80.0,95.0,3.0,No,80.0,At-Risk
S0018,90.0,62.0,95.0,3.0,Yes,49.0,Good
S0020,80.0,81.0,95.0,8.0,Yes,61.0,Good
S0022,90.0,35.0,95.0,1.0,Yes,80.0,Average
S0023,80.0,58.0,95.0,3.0,Yes,80.0,At-Risk
S0029,90.0,62.0,95.0,3.0,Yes,80.0,At-Risk
S0032,90.0,80.0,95.0,1.0,No,60.0,At-Risk
S0033,80.0,62.0,95.0,3.0,Yes,80.0,At-Risk
S0036,90.0,62.0,95.0,3.0,No,80.0,Average
S0038,90.0,62.0,95.0,3.0,Yes,92.0,Good
S0040,90.0,80.0,95.0,6.0,Yes,68.0,Good
S0045,80.0,62.0,95.0,3.0,Yes,42.0,Good
S0048,80.0,62.0,95.0,3.0,No,80.0,Average
S0050,90.0,62.0,95.0,3.0,No,94.0,At-Risk
S0051,90.0,62.0,95.0,2.0,Yes,82.0,Good
S0055,80.0,51.0,95.0,10.0,Yes,80.0,Good
S0058,90.0,66.0,95.0,9.0,No,80.0,Average
S0060,90.0,62.0,95.0,9.0,Yes,61.0,At-Risk
S0061,90.0,62.0,95.0,4.0,No,61.0,Good
S0062,90.0,80.0,95.0,3.0,No,61.0,Good
S0065,90.0,80.0,95.0,3.0,Yes,80.0,At-Risk
S0067,90.0,80.0,95.0,3.0,Yes,80.0,Average
S0071,90.0,62.0,95.0,3.0,Yes,65.0,At-Risk
S0072,90.0,62.0,95.0,3.0,No,65.0,Average
S0075,90.0,80.0,95.0,3.0,Yes,61.0,Good
S0080,90.0,80.0,95.0,3.0,Yes,80.0,At-Risk
S0081,90.0,80.0,95.0,3.0,Yes,61.0,Good
S0082,90.0,80.0,95.0,2.0,Yes,80.0,Good
S0086,90.0,80.0,95.0,3.0,Yes,80.0,Good
S0088,80.0,62.0,95.0,4.0,Yes,80.0,Average
S0090,80.0,80.0,95.0,10.0,Yes,80.0,At-Risk
S0092,90.0,62.0,95.0,3.0,Yes,34.0,At-Risk
S0098,90.0,37.0,95.0,3.0,No,32.5,Average
S0099,80.0,62.0,95.0,3.0,No,80.0,Good
S0105,90.0,91.0,95.0,9.0,Yes,81.0,Good
S0107,90.0,80.0,95.0,3.0,Yes,80.0,Average
S0110,80.0,62.0,95.0,7.0,Yes,80.0,Average
S0111,90.0,80.0,95.0,3.0,Yes,80.0,At-Risk
S0117,90.0,62.0,95.0,1.0,No,61.0,At-Risk
S0118,90.0,53.0,95.0,1.0,Yes,61.0,At-Risk
S0119,90.0,62.0,95.0,2.0,Yes,80.0,Good
S0120,90.0,62.0,95.0,5.0,Yes,32.5,Good
S0121,90.0,62.0,95.0,3.0,No,88.0,Good
S0124,80.0,80.0,95.0,3.0,Yes,51.0,Good
S0126,90.0,62.0,95.0,3.0,Yes,61.0,Good
S0129,90.0,80.0,95.0,7.0,Yes,80.0,Good
S0132,90.0,62.0,95.0,7.0,Yes,93.0,At-Risk
S0133,80.0,62.0,95.0,6.0,Yes,61.0,Good
S0134,80.0,62.0,95.0,3.0,No,61.0,Good
S0135,96.0,80.0,95.0,5.0,No,89.0,At-Risk
S0139,90.0,62.0,95.0,7.0,No,80.0,Average
S0140,80.0,56.0,95.0,3.0,No,61.0,Good
S0141,90.0,80.0,95.0,3.0,No,80.0,Good
S0144,90.0,62.0,95.0,3.0,No,61.0,Good
S0148,80.0,88.0,95.0,5.0,Yes,61.0,Average
S0149,80.0,80.0,95.0,3.0,No,80.0,Good
S0150,90.0,62.0,95.0,6.0,No,80.0,Good
S0153,90.0,35.0,95.0,4.0,No,89.0,Good
S0154,80.0,50.0,95.0,3.0,No,81.0,Average
S0155,90.0,62.0,95.0,3.0,Yes,37.0,At-Risk
S0158,90.0,89.0,95.0,4.0,Yes,80.0,Average
S0160,90.0,62.0,95.0,3.0,Yes,74.0,Average
S0163,90.0,59.0,95.0,3.0,No,61.0,At-Risk
S0166,80.0,62.0,95.0,3.0,Yes,86.0,Good
S0168,90.0,62.0,95.0,4.0,Yes,36.0,At-Risk
S0174,80.0,80.0,95.0,3.0,No,61.0,Good
S0179,90.0,62.0,95.0,3.0,Yes,85.0,Good
S0181,80.0,80.0,95.0,6.0,No,80.0,Good
S0184,90.0,59.0,95.0,3.0,Yes,95.0,Average
S0185,90.0,79.0,95.0,7.0,No,61.0,Average
S0187,80.0,57.0,95.0,9.0,Yes,61.0,Average
S0188,90.0,62.0,95.0,3.0,No,61.0,Good
S0189,90.0,62.0,95.0,3.0,Yes,55.0,At-Risk
S0190,90.0,62.0,95.0,9.0,Yes,80.0,Average
S0192,90.0,62.0,95.0,3.0,Yes,80.0,At-Risk
S0194,90.0,80.0,95.0,3.0,Yes,54.0,Average
S0195,96.0,62.0,95.0,3.0,Yes,87.0,Good
S0203,80.0,48.0,95.0,3.0,Yes,80.0,Good
S0204,90.0,80.0,95.0,3.0,Yes,80.0,Good
S0208,80.0,62.0,95.0,3.0,Yes,61.0,Good
S0211,80.0,80.0,95.0,5.0,No,80.0,At-Risk
S0213,90.0,80.0,95.0,7.0,No,63.0,At-Risk
S0215,90.0,80.0,95.0,1.0,Yes,51.0,Average
S0217,80.0,80.0,95.0,4.0,Yes,76.0,At-Risk
S0218,96.0,39.0,95.0,4.0,No,61.0,At-Risk
S0219,90.0,62.0,95.0,10.0,Yes,61.0,At-Risk
S0222,96.0,80.0,95.0,3.0,No,61.0,Good
S0225,90.0,62.0,95.0,3.0,Yes,61.0,Good
S0228,83.0,79.0,95.0,5.0,Yes,61.0,Average
S0229,90.0,80.0,95.0,3.0,Yes,88.0,Average
S0236,90.0,62.0,95.0,3.0,Yes,80.0,Good
S0237,90.0,77.0,95.0,10.0,No,35.0,Good
S0239,80.0,80.0,95.0,4.0,No,80.0,Good
S0240,90.0,73.0,95.0,5.0,No,61.0,Average
S0244,90.0,35.0,95.0,3.0,Yes,61.0,Good
S0249,90.0,80.0,95.0,9.0,Yes,80.0,Average
S0250,90.0,72.0,95.0,3.0,No,80.0,Good
S0251,90.0,53.0,95.0,3.0,No,52.0,Good
S0253,80.0,62.0,95.0,3.0,No,80.0,Good
S0254,94.0,62.0,95.0,3.0,Yes,91.0,At-Risk
S0259,90.0,80.0,95.0,3.0,Yes,80.0,At-Risk
S0260,90.0,62.0,95.0,7.0,No,90.0,Good
S0267,92.0,80.0,95.0,1.0,Yes,80.0,Average
S0269,80.0,80.0,95.0,3.0,No,61.0,Average
S0272,90.0,62.0,95.0,3.0,Yes,40.0,Average
S0273,90.0,62.0,95.0,8.0,Yes,61.0,At-Risk
S0274,90.0,53.0,95.0,9.0,Yes,51.0,Good
S0275,90.0,62.0,95.0,3.0,Yes,61.0,Good
S0277,90.0,62.0,95.0,2.0,Yes,61.0,Average
S0279,90.0,80.0,95.0,3.0,Yes,80.0,Average
S0282,90.0,80.0,95.0,2.0,No,80.0,Average
S0284,80.0,80.0,95.0,10.0,Yes,53.0,At-Risk
S0285,90.0,80.0,95.0,3.0,Yes,75.0,Good
S0287,90.0,80.0,95.0,3.0,No,80.0,Good
S0288,90.0,62.0,95.0,8.0,Yes,61.0,Good
S0289,96.0,80.0,95.0,3.0,Yes,61.0,Good
S0290,90.0,80.0,95.0,3.0,Yes,61.0,Good
S0291,90.0,42.0,95.0,3.0,Yes,61.0,Average
S0297,90.0,62.0,95.0,3.0,Yes,61.0,At-Risk
S0298,90.0,62.0,95.0,1.0,No,61.0,Good
S0299,90.0,80.0,95.0,3.0,Yes,61.0,At-Risk
S0301,90.0,62.0,95.0,3.0,Yes,43.0,Average
S0302,96.0,35.0,95.0,10.0,Yes,32.5,Average
S0304,80.0,80.0,95.0,3.0,Yes,94.0,Good
S0306,80.0,53.0,95.0,4.0,No,80.0,Average
S0307,90.0,80.0,95.0,8.0,No,49.0,Average
S0308,90.0,80.0,95.0,1.0,Yes,80.0,At-Risk
S0311,90.0,46.0,95.0,10.0,Yes,61.0,Good
S0312,80.0,62.0,95.0,3.0,Yes,61.0,At-Risk
S0314,90.0,46.0,95.0,7.0,No,61.0,Average
S0318,86.0,62.0,95.0,10.0,Yes,80.0,Good
S0319,90.0,90.0,95.0,3.0,Yes,80.0,Average
S0322,90.0,62.0,95.0,3.0,No,61.0,Good
S0325,90.0,62.0,95.0,3.0,No,61.0,Average
S0326,90.0,80.0,95.0,4.0,Yes,61.0,Good
S0327,92.0,62.0,95.0,8.0,Yes,80.0,At-Risk
S0329,90.0,80.0,95.0,3.0,Yes,61.0,Average
S0332,82.0,62.0,95.0,3.0,Yes,44.0,At-Risk
S0333,90.0,80.0,95.0,1.0,Yes,80.0,Good
S0338,90.0,62.0,95.0,3.0,Yes,84.0,Good
S0339,80.0,47.0,95.0,9.0,Yes,80.0,Good
S0340,90.0,80.0,95.0,9.0,Yes,84.0,At-Risk
S0341,80.0,67.0,95.0,3.0,No,80.0,Good
S0342,90.0,80.0,95.0,8.0,No,60.0,Good
S0346,80.0,80.0,95.0,6.0,Yes,32.5,At-Risk
S0348,80.0,80.0,95.0,6.0,No,80.0,Average
S0349,90.0,80.0,95.0,3.0,Yes,80.0,Average
S0350,90.0,62.0,95.0,3.0,Yes,80.0,At-Risk
S0354,90.0,54.0,95.0,9.0,Yes,80.0,Average
S0360,90.0,62.0,95.0,4.0,Yes,80.0,Good
S0361,90.0,62.0,95.0,3.0,Yes,61.0,Good
S0362,90.0,74.0,95.0,3.0,Yes,76.0,At-Risk
S0363,90.0,80.0,95.0,8.0,No,80.0,Average
S0368,80.0,62.0,95.0,3.0,Yes,61.0,Good
S0371,90.0,62.0,95.0,10.0,Yes,61.0,Good
S0372,90.0,62.0,95.0,8.0,No,80.0,Good
S0373,80.0,84.0,95.0,3.0,Yes,61.0,Good
S0375,80.0,80.0,95.0,3.0,Yes,61.0,At-Risk
S0376,80.0,80.0,95.0,3.0,Yes,61.0,At-Risk
S0378,80.0,53.0,95.0,7.0,Yes,80.0,Good
S0381,90.0,71.0,95.0,3.0,Yes,80.0,At-Risk
S0382,80.0,62.0,95.0,4.0,Yes,61.0,Good
S0383,80.0,62.0,95.0,3.0,No,61.0,At-Risk
S0384,90.0,80.0,95.0,3.0,No,80.0,At-Risk
S0385,80.0,62.0,95.0,2.0,No,80.0,Good
S0386,80.0,80.0,95.0,3.0,Yes,80.0,Average
S0388,90.0,80.0,95.0,3.0,No,61.0,At-Risk
S0389,80.0,92.0,95.0,2.0,No,61.0,At-Risk
S0392,90.0,62.0,95.0,3.0,Yes,80.0,Good
S0393,80.0,62.0,95.0,10.0,Yes,61.0,At-Risk
S0397,90.0,80.0,95.0,3.0,Yes,80.0,Average
S0400,80.0,79.0,95.0,3.0,Yes,80.0,Good
S0401,90.0,35.0,95.0,3.0,No,79.0,Good
S0403,90.0,37.0,95.0,6.0,Yes,61.0,Good
S0406,80.0,88.0,95.0,3.0,Yes,45.0,Good
S0408,80.0,62.0,95.0,6.0,Yes,80.0,Average
S0409,90.0,80.0,95.0,3.0,Yes,74.0,Good
S0411,90.0,80.0,95.0,9.0,Yes,61.0,Good
S0412,96.0,55.0,95.0,2.0,Yes,80.0,Good
S0421,80.0,58.0,95.0,3.0,Yes,80.0,Average
S0423,90.0,80.0,95.0,10.0,Yes,71.0,Good
S0427,80.0,62.0,95.0,3.0,Yes,80.0,Average
S0432,90.0,62.0,95.0,6.0,Yes,80.0,At-Risk
S0433,80.0,80.0,95.0,3.0,No,61.0,At-Risk
S0436,80.0,74.0,95.0,1.0,Yes,61.0,Good
S0439,86.0,62.0,95.0,9.0,Yes,38.0,Good
S0440,96.0,80.0,95.0,7.0,No,83.0,Good
S0443,90.0,62.0,95.0,6.0,No,80.0,Good
S0448,90.0,94.0,95.0,3.0,No,80.0,At-Risk
S0449,80.0,75.0,95.0,3.0,Yes,52.0,Good
S0451,81.0,62.0,95.0,3.0,No,61.0,Good
S0453,90.0,80.0,95.0,3.0,No,32.5,At-Risk
S0455,90.0,80.0,95.0,2.0,Yes,61.0,Average
S0456,90.0,62.0,95.0,3.0,Yes,61.0,Average
S0460,90.0,62.0,95.0,4.0,Yes,61.0,Average
S0462,90.0,72.0,95.0,3.0,Yes,61.0,Average
S0463,90.0,80.0,95.0,3.0,Yes,61.0,Good
S0466,90.0,80.0,95.0,10.0,Yes,37.0,Average
S0468,90.0,62.0,95.0,9.0,Yes,80.0,Average
S0472,80.0,62.0,95.0,9.0,No,38.0,Good
S0476,90.0,81.0,95.0,7.0,Yes,61.0,Average
S0478,82.0,80.0,95.0,3.0,Yes,80.0,Average
S0479,80.0,80.0,95.0,10.0,Yes,80.0,At-Risk
S0481,90.0,62.0,95.0,3.0,Yes,61.0,Good
S0483,90.0,80.0,95.0,2.0,Yes,61.0,Good
S0484,90.0,62.0,95.0,8.0,No,84.0,Average
S0485,90.0,80.0,95.0,3.0,Yes,61.0,At-Risk
S0486,90.0,39.0,95.0,3.0,No,80.0,Good
S0487,90.0,80.0,95.0,4.0,No,87.0,At-Risk
S0488,86.0,80.0,95.0,8.0,Yes,61.0,At-Risk
S0489,80.0,82.0,95.0,3.0,Yes,79.0,Good
S0490,90.0,80.0,95.0,3.0,No,61.0,Average
S0492,84.0,80.0,95.0,3.0,No,33.0,At-Risk
S0496,80.0,77.0,95.0,2.0,No,80.0,At-Risk
S0498,87.0,80.0,95.0,3.0,Yes,80.0,Average
S0504,90.0,80.0,95.0,8.0,Yes,80.0,Average
S0507,96.0,80.0,95.0,1.0,No,61.0,At-Risk
S0508,90.0,80.0,95.0,10.0,Yes,80.0,At-Risk
S0509,90.0,80.0,95.0,3.0,Yes,86.0,Average
S0511,80.0,80.0,95.0,4.0,Yes,51.0,Good
S0513,90.0,62.0,95.0,3.0,Yes,80.0,Average
S0519,80.0,62.0,95.0,3.0,Yes,77.0,At-Risk
S0523,90.0,62.0,95.0,5.0,No,87.0,At-Risk
S0524,90.0,80.0,95.0,3.0,Yes,61.0,Good
S0527,90.0,62.0,95.0,9.0,Yes,61.0,Good
S0528,90.0,80.0,95.0,4.0,Yes,46.0,Average
S0530,90.0,80.0,95.0,5.0,No,94.0,Good
S0531,80.0,47.0,95.0,2.0,Yes,80.0,Average
S0535,80.0,67.0,95.0,3.0,Yes,80.0,Good
S0539,90.0,80.0,95.0,1.0,Yes,61.0,Good
S0540,80.0,71.0,95.0,7.0,Yes,80.0,At-Risk
S0542,90.0,67.0,95.0,9.0,No,32.5,Average
S0543,90.0,80.0,95.0,3.0,Yes,92.0,Average
S0544,90.0,62.0,95.0,3.0,Yes,42.0,Good
S0546,90.0,95.0,95.0,5.0,No,80.0,Average
S0547,90.0,62.0,95.0,8.0,Yes,61.0,At-Risk
S0548,90.0,76.0,95.0,3.0,No,34.0,At-Risk
S0551,80.0,86.0,95.0,6.0,Yes,61.0,Good
S0553,80.0,62.0,95.0,7.0,Yes,61.0,At-Risk
S0554,90.0,60.0,95.0,5.0,No,80.0,Good
S0556,90.0,62.0,95.0,3.0,Yes,33.0,At-Risk
S0560,90.0,89.0,95.0,2.0,Yes,94.0,At-Risk
S0562,80.0,80.0,95.0,3.0,No,80.0,Average
S0564,90.0,62.0,95.0,3.0,Yes,77.0,Good
S0566,90.0,88.0,95.0,8.0,Yes,80.0,At-Risk
S0568,90.0,62.0,95.0,4.0,Yes,61.0,Average
S0571,90.0,80.0,95.0,4.0,No,80.0,Good
S0577,90.0,80.0,95.0,6.0,Yes,80.0,Good
S0578,90.0,95.0,95.0,3.0,No,61.0,Average
S0582,90.0,60.0,95.0,4.0,Yes,80.0,Good
S0584,90.0,62.0,95.0,8.0,Yes,61.0,Average
S0585,90.0,59.0,95.0,3.0,Yes,49.0,Good
S0586,86.0,80.0,95.0,3.0,Yes,80.0,Average
S0587,90.0,62.0,95.0,3.0,Yes,61.0,Good
S0592,90.0,80.0,95.0,3.0,No,42.0,Average
S0593,80.0,67.0,95.0,2.0,Yes,61.0,Average
S0600,90.0,62.0,95.0,2.0,No,95.0,Good
S0601,80.0,35.0,95.0,3.0,Yes,39.0,Average
S0602,90.0,90.0,95.0,9.0,Yes,80.0,Good
S0603,90.0,62.0,95.0,3.0,No,67.0,At-Risk
S0604,90.0,80.0,95.0,3.0,Yes,61.0,Average
S0606,90.0,80.0,95.0,9.0,Yes,57.0,Average
S0607,80.0,84.0,95.0,3.0,Yes,61.0,At-Risk
S0608,88.0,80.0,95.0,3.0,No,80.0,At-Risk
S0610,90.0,80.0,95.0,9.0,No,80.0,Good
S0612,90.0,75.0,95.0,7.0,Yes,80.0,Good
S0614,90.0,88.0,95.0,10.0,Yes,52.0,At-Risk
S0616,80.0,62.0,95.0,2.0,Yes,80.0,At-Risk
S0618,90.0,35.0,95.0,3.0,Yes,32.5,At-Risk
S0619,96.0,80.0,95.0,3.0,Yes,60.0,At-Risk
S0620,90.0,80.0,95.0,7.0,Yes,75.0,Good
S0624,90.0,62.0,95.0,10.0,Yes,50.0,Average
S0625,90.0,79.0,95.0,2.0,Yes,61.0,Good
S0627,90.0,62.0,95.0,6.0,Yes,61.0,Average
S0629,90.0,62.0,95.0,3.0,No,61.0,At-Risk
S0632,90.0,80.0,95.0,10.0,Yes,61.0,Average
S0634,80.0,43.0,95.0,5.0,Yes,61.0,Good
S0635,90.0,80.0,95.0,3.0,Yes,80.0,Average
S0638,90.0,50.0,95.0,3.0,No,80.0,At-Risk
S0642,90.0,90.0,95.0,3.0,Yes,55.0,Good
S0645,90.0,48.0,95.0,3.0,No,80.0,Average
S0646,80.0,62.0,95.0,3.0,Yes,82.0,Good
S0648,90.0,80.0,95.0,7.0,Yes,80.0,Average
S0650,96.0,80.0,95.0,9.0,No,80.0,At-Risk
S0654,90.0,62.0,95.0,2.0,Yes,80.0,Average
S0658,90.0,62.0,95.0,3.0,Yes,60.0,At-Risk
S0661,90.0,80.0,95.0,6.0,Yes,61.0,Average
S0663,80.0,62.0,95.0,3.0,Yes,80.0,Good
S0664,93.0,80.0,95.0,3.0,No,80.0,At-Risk
S0665,90.0,45.0,95.0,4.0,Yes,80.0,Good
S0668,90.0,62.0,95.0,2.0,No,80.0,Average
S0674,90.0,62.0,95.0,3.0,Yes,80.0,Good
S0675,90.0,62.0,95.0,3.0,No,33.0,Good
S0676,90.0,80.0,95.0,10.0,No,61.0,Good
S0678,90.0,35.0,95.0,3.0,Yes,39.0,Average
S0680,90.0,62.0,95.0,4.0,Yes,36.0,Good
S0683,90.0,54.0,95.0,3.0,Yes,61.0,Average
S0684,80.0,80.0,95.0,10.0,Yes,72.0,Average
S0685,88.0,80.0,95.0,3.0,No,88.0,Average
S0688,90.0,80.0,95.0,8.0,No,61.0,Good
S0693,90.0,62.0,95.0,8.0,Yes,80.0,At-Risk
S0695,90.0,83.0,95.0,3.0,Yes,80.0,Good
S0697,90.0,62.0,95.0,4.0,Yes,61.0,Good
S0702,80.0,80.0,95.0,3.0,No,62.0,At-Risk
S0705,80.0,75.0,95.0,3.0,Yes,61.0,At-Risk
S0709,96.0,80.0,95.0,2.0,No,60.0,Good
S0710,93.0,74.0,95.0,3.0,Yes,80.0,At-Risk
S0711,90.0,80.0,95.0,3.0,Yes,80.0,At-Risk
S0712,80.0,76.0,95.0,3.0,Yes,61.0,Good
S0715,96.0,80.0,95.0,3.0,Yes,80.0,Average
S0719,96.0,80.0,95.0,3.0,Yes,61.0,Average
S0726,90.0,62.0,95.0,10.0,Yes,61.0,At-Risk
S0729,90.0,82.0,95.0,8.0,No,62.0,Average
S0731,90.0,62.0,95.0,8.0,Yes,80.0,At-Risk
S0735,90.0,80.0,95.0,3.0,No,42.0,At-Risk
S0739,90.0,80.0,95.0,3.0,Yes,80.0,Good
S0740,90.0,80.0,95.0,3.0,Yes,61.0,At-Risk
S0747,90.0,80.0,95.0,5.0,No,61.0,Good
S0748,80.0,67.0,95.0,1.0,Yes,80.0,Average
S0749,84.0,80.0,95.0,8.0,No,35.0,Good
S0753,90.0,80.0,95.0,3.0,Yes,91.0,At-Risk
S0758,90.0,80.0,95.0,3.0,No,61.0,Good
S0759,90.0,43.0,95.0,3.0,No,61.0,Good
S0762,90.0,62.0,95.0,3.0,No,61.0,Average
S0764,90.0,80.0,95.0,3.0,Yes,70.0,Average
S0765,90.0,82.0,95.0,4.0,Yes,61.0,Good
S0766,90.0,53.0,95.0,3.0,Yes,80.0,Good
S0767,90.0,85.0,95.0,2.0,Yes,80.0,Average
S0768,90.0,80.0,95.0,3.0,Yes,61.0,At-Risk
S0772,90.0,70.0,95.0,3.0,Yes,80.0,Average
S0774,87.0,36.0,95.0,1.0,Yes,61.0,Good
S0775,90.0,62.0,95.0,7.0,Yes,62.0,Good
S0776,90.0,80.0,95.0,3.0,Yes,90.0,Good
S0777,90.0,53.0,95.0,3.0,No,66.0,Average
S0779,89.0,80.0,95.0,4.0,Yes,95.0,Average
S0780,80.0,80.0,95.0,10.0,No,89.0,At-Risk
S0784,90.0,80.0,95.0,4.0,Yes,80.0,At-Risk
S0786,90.0,62.0,95.0,3.0,No,80.0,At-Risk
S0787,80.0,37.0,95.0,8.0,Yes,48.0,At-Risk
S0788,90.0,75.0,95.0,3.0,Yes,74.0,Good
S0791,90.0,62.0,95.0,9.0,No,61.0,Good
S0792,90.0,80.0,95.0,6.0,Yes,80.0,Good
S0793,86.0,62.0,95.0,7.0,Yes,47.0,Good
S0795,80.0,48.0,95.0,3.0,Yes,51.0,Good
S0799,90.0,62.0,95.0,3.0,No,61.0,At-Risk
S0802,90.0,52.0,95.0,2.0,No,80.0,Good
S0807,80.0,62.0,95.0,1.0,Yes,80.0,At-Risk
S0810,90.0,79.0,95.0,3.0,No,32.5,Average
S0813,90.0,62.0,95.0,3.0,Yes,61.0,Good
S0816,90.0,47.0,95.0,3.0,Yes,61.0,Good
S0817,96.0,80.0,95.0,7.0,Yes,38.0,At-Risk
S0821,80.0,62.0,95.0,2.0,Yes,32.5,At-Risk
S0824,80.0,86.0,95.0,5.0,Yes,61.0,Good
S0825,80.0,62.0,95.0,9.0,Yes,61.0,At-Risk
S0826,90.0,80.0,95.0,3.0,Yes,61.0,Good
S0828,80.0,80.0,95.0,3.0,No,80.0,Good
S0831,90.0,62.0,95.0,5.0,Yes,86.0,Average
S0832,80.0,80.0,95.0,3.0,No,61.0,Good
S0833,90.0,80.0,95.0,2.0,Yes,61.0,Average
S0834,90.0,62.0,95.0,3.0,No,61.0,Good
S0840,90.0,80.0,95.0,1.0,Yes,80.0,At-Risk
S0842,90.0,80.0,95.0,3.0,No,85.0,Average
S0843,90.0,80.0,95.0,3.0,Yes,80.0,Good
S0845,90.0,68.0,95.0,3.0,Yes,80.0,Good
S0846,90.0,58.0,95.0,3.0,Yes,80.0,Average
S0847,90.0,62.0,95.0,3.0,No,61.0,At-Risk
S0848,80.0,80.0,95.0,4.0,Yes,78.0,Average
S0853,80.0,62.0,95.0,3.0,Yes,61.0,Good
S0855,90.0,80.0,95.0,8.0,Yes,43.0,At-Risk
S0857,90.0,62.0,95.0,10.0,Yes,80.0,Average
S0858,90.0,71.0,95.0,8.0,Yes,61.0,Good
S0860,90.0,80.0,95.0,3.0,Yes,61.0,Good
S0861,95.0,62.0,95.0,3.0,Yes,61.0,Good
S0865,80.0,62.0,95.0,7.0,Yes,80.0,At-Risk
S0870,80.0,51.0,95.0,3.0,Yes,61.0,Good
S0871,90.0,62.0,95.0,4.0,Yes,61.0,Good
S0872,90.0,69.0,95.0,7.0,No,61.0,Good
S0873,90.0,80.0,95.0,9.0,Yes,39.0,At-Risk
S0875,80.0,62.0,95.0,3.0,Yes,38.0,Good
S0880,80.0,77.0,95.0,8.0,No,80.0,Good
S0883,90.0,62.0,95.0,1.0,Yes,61.0,At-Risk
S0886,90.0,62.0,95.0,4.0,Yes,94.0,At-Risk
S0887,90.0,62.0,95.0,7.0,Yes,80.0,At-Risk
S0888,90.0,79.0,95.0,5.0,No,61.0,Good
S0894,80.0,79.0,95.0,1.0,Yes,63.0,Average
S0899,87.0,80.0,95.0,3.0,No,61.0,Average
S0902,90.0,80.0,95.0,8.0,Yes,80.0,Good
S0905,90.0,80.0,95.0,3.0,No,61.0,Average
S0907,90.0,62.0,95.0,3.0,Yes,61.0,Average
S0910,90.0,62.0,95.0,3.0,Yes,43.0,At-Risk
S0912,90.0,80.0,95.0,9.0,No,80.0,At-Risk
S0913,96.0,62.0,95.0,10.0,Yes,61.0,Good
S0915,90.0,64.0,95.0,3.0,No,32.5,Good
S0918,80.0,62.0,95.0,6.0,Yes,61.0,Average
S0920,90.0,43.0,95.0,3.0,No,61.0,At-Risk
S0923,90.0,59.0,95.0,6.0,No,81.0,Good
S0927,80.0,62.0,95.0,10.0,Yes,61.0,At-Risk
S0935,80.0,80.0,95.0,2.0,No,62.0,At-Risk
S0936,80.0,41.0,95.0,3.0,Yes,47.0,At-Risk
S0937,90.0,80.0,95.0,8.0,Yes,46.0,Good
S0938,90.0,62.0,95.0,3.0,Yes,61.0,At-Risk
S0940,90.0,80.0,95.0,10.0,Yes,61.0,Average
S0941,90.0,80.0,95.0,9.0,Yes,76.0,Average
S0955,90.0,88.0,95.0,3.0,Yes,58.0,Good
S0958,80.0,80.0,95.0,4.0,Yes,86.0,Good
S0960,90.0,42.0,95.0,1.0,Yes,80.0,Average
S0962,80.0,80.0,95.0,3.0,Yes,61.0,Good
S0964,93.0,62.0,95.0,10.0,Yes,61.0,Average
S0965,90.0,80.0,95.0,2.0,Yes,53.0,Average
S0968,90.0,88.0,95.0,3.0,Yes,80.0,Average
S0971,90.0,62.0,95.0,9.0,Yes,80.0,Good
S0974,90.0,80.0,95.0,3.0,No,61.0,At-Risk
S0976,90.0,80.0,95.0,3.0,Yes,61.0,Good
S0977,90.0,80.0,95.0,3.0,No,61.0,At-Risk
S0979,90.0,40.0,95.0,9.0,No,63.0,Average
S0985,90.0,70.0,95.0,3.0,Yes,60.0,Average
S0988,90.0,80.0,95.0,10.0,Yes,61.0,Good
S0990,96.0,80.0,95.0,3.0,Yes,66.0,Good
S0995,80.0,80.0,95.0,7.0,Yes,80.0,Average
S0998,90.0,62.0,95.0,3.0,No,65.0,Average
S1001,90.0,80.0,95.0,1.0,Yes,92.0,Good
S1006,95.0,80.0,95.0,9.0,No,61.0,Average
S1010,96.0,62.0,95.0,3.0,Yes,80.0,Good
S1011,90.0,80.0,95.0,3.0,No,82.0,Average
S1012,90.0,80.0,95.0,2.0,Yes,61.0,Good
S1015,90.0,50.0,95.0,3.0,Yes,61.0,Average
S1016,90.0,80.0,95.0,3.0,Yes,61.0,Good
S1017,96.0,62.0,95.0,6.0,Yes,80.0,Good
S1020,90.0,62.0,95.0,3.0,Yes,61.0,At-Risk
S1024,90.0,62.0,95.0,3.0,Yes,40.0,Good
S1025,90.0,85.0,95.0,1.0,Yes,67.0,Good
S1028,80.0,59.0,95.0,1.0,Yes,61.0,At-Risk
S1029,80.0,80.0,95.0,9.0,Yes,43.0,Average
S1030,90.0,80.0,95.0,8.0,Yes,61.0,At-Risk
S1034,90.0,62.0,95.0,4.0,No,80.0,At-Risk
S1035,80.0,80.0,95.0,5.0,No,61.0,Good
S1037,90.0,80.0,95.0,3.0,Yes,61.0,At-Risk
S1043,90.0,62.0,95.0,6.0,No,89.0,Good
S1045,90.0,65.0,95.0,3.0,Yes,61.0,At-Risk
S1047,90.0,47.0,95.0,3.0,Yes,47.0,At-Risk
S1052,89.0,62.0,95.0,3.0,No,57.0,Good
S1057,90.0,35.0,95.0,2.0,No,80.0,Good
S1060,90.0,63.0,95.0,3.0,Yes,80.0,Average
S1062,80.0,83.0,95.0,3.0,Yes,93.0,Average
S1063,90.0,80.0,95.0,3.0,Yes,80.0,Good
S1064,90.0,80.0,95.0,5.0,Yes,61.0,Average
S1066,90.0,80.0,95.0,3.0,Yes,65.0,Good
S1068,93.0,62.0,95.0,3.0,Yes,61.0,Good
S1079,90.0,62.0,95.0,2.0,Yes,61.0,Good
S1082,80.0,62.0,95.0,3.0,No,80.0,Good
S1083,90.0,76.0,95.0,5.0,Yes,61.0,At-Risk
S1087,80.0,83.0,95.0,4.0,No,80.0,Average
S1090,90.0,63.0,95.0,3.0,Yes,48.0,Good
S1091,90.0,62.0,95.0,3.0,Yes,80.0,Good
S1098,90.0,62.0,95.0,3.0,Yes,61.0,Good
S1106,90.0,62.0,95.0,3.0,No,61.0,Good
S1111,90.0,62.0,95.0,1.0,No,95.0,At-Risk
S1112,90.0,62.0,95.0,10.0,Yes,64.0,Average
S1115,90.0,80.0,95.0,3.0,Yes,80.0,At-Risk
S1116,90.0,80.0,95.0,7.0,No,80.0,Good
S1118,90.0,62.0,95.0,3.0,Yes,61.0,Good
S1124,90.0,62.0,95.0,10.0,Yes,61.0,Good
S1125,90.0,75.0,95.0,3.0,Yes,94.0,At-Risk
S1126,80.0,54.0,95.0,5.0,No,34.0,Good
S1127,90.0,80.0,95.0,3.0,Yes,80.0,Average
S1129,90.0,38.0,95.0,2.0,No,80.0,At-Risk
S1133,90.0,52.0,95.0,3.0,Yes,80.0,At-Risk
S1135,90.0,80.0,95.0,5.0,Yes,80.0,Average
S1147,90.0,62.0,95.0,3.0,Yes,61.0,At-Risk
S1149,80.0,80.0,95.0,3.0,No,61.0,At-Risk
S1152,90.0,62.0,95.0,4.0,Yes,80.0,At-Risk
S1153,86.0,62.0,95.0,3.0,No,80.0,Average
S1154,90.0,62.0,95.0,5.0,Yes,43.0,At-Risk
S1157,86.0,62.0,95.0,3.0,Yes,94.0,At-Risk
S1158,90.0,72.0,95.0,5.0,Yes,80.0,Good
S1162,80.0,81.0,95.0,3.0,Yes,73.0,At-Risk
S1163,80.0,67.0,95.0,6.0,Yes,80.0,Good
S1164,90.0,80.0,95.0,5.0,Yes,80.0,Average
S1165,80.0,62.0,95.0,3.0,Yes,61.0,Good
S1166,87.0,62.0,95.0,3.0,Yes,61.0,Average
S1169,86.0,80.0,95.0,4.0,No,40.0,Average
S1170,90.0,43.0,95.0,3.0,Yes,61.0,Average
S1171,90.0,47.0,95.0,3.0,Yes,41.0,Good
S1172,90.0,62.0,95.0,10.0,Yes,61.0,Average
S1176,80.0,35.0,95.0,3.0,No,61.0,Average
S1179,90.0,80.0,95.0,3.0,No,61.0,Good
S1182,80.0,62.0,95.0,1.0,Yes,80.0,Good
S1184,96.0,80.0,95.0,6.0,Yes,61.0,Good
S1191,90.0,64.0,95.0,3.0,Yes,65.0,At-Risk
S1192,90.0,62.0,95.0,7.0,Yes,80.0,Good
S1195,90.0,80.0,95.0,2.0,Yes,80.0,At-Risk
S1197,90.0,80.0,95.0,3.0,Yes,61.0,At-Risk
S1198,90.0,80.0,95.0,3.0,Yes,61.0,At-Risk
S1200,80.0,62.0,95.0,3.0,Yes,80.0,Good
S1203,96.0,35.0,95.0,8.0,Yes,61.0,Average
S1204,90.0,80.0,95.0,4.0,No,92.0,Good
S1205,90.0,76.0,95.0,3.0,No,32.5,Good
S1208,90.0,80.0,95.0,5.0,Yes,80.0,Average
S1213,90.0,77.0,95.0,1.0,Yes,60.0,At-Risk
S1215,90.0,80.0,95.0,1.0,Yes,41.0,At-Risk
S1216,96.0,56.0,95.0,7.0,No,80.0,At-Risk
S1222,90.0,62.0,95.0,3.0,Yes,61.0,Good
S1223,90.0,80.0,95.0,3.0,Yes,80.0,Good
S1225,90.0,35.0,95.0,3.0,Yes,80.0,Average
S1226,90.0,54.0,95.0,5.0,No,95.0,Good
S1227,80.0,62.0,95.0,8.0,Yes,80.0,Average
S1234,90.0,80.0,95.0,3.0,Yes,61.0,Average
S1237,80.0,80.0,95.0,3.0,No,61.0,Average
S1242,90.0,62.0,95.0,3.0,Yes,61.0,Average
S1246,90.0,79.0,95.0,3.0,No,62.0,Good
S1247,83.0,80.0,95.0,1.0,Yes,39.0,Good
S1248,90.0,74.0,95.0,3.0,Yes,80.0,Average
S1252,82.0,35.0,95.0,9.0,Yes,56.0,Good
S1255,90.0,82.0,95.0,10.0,No,80.0,Good
S1264,80.0,83.0,95.0,3.0,No,80.0,At-Risk
S1266,90.0,80.0,95.0,3.0,No,80.0,Good
S1269,80.0,62.0,95.0,7.0,No,61.0,Average
S1272,90.0,80.0,95.0,3.0,Yes,61.0,At-Risk
S1278,90.0,62.0,95.0,2.0,No,61.0,Good
S1279,80.0,62.0,95.0,8.0,No,77.0,At-Risk
S1280,90.0,62.0,95.0,3.0,Yes,61.0,Good
S1287,90.0,84.0,95.0,2.0,Yes,38.0,Good
S1289,90.0,62.0,95.0,1.0,Yes,61.0,Good
S1293,80.0,80.0,95.0,6.0,Yes,61.0,Average
S1295,90.0,72.0,95.0,9.0,Yes,78.0,Average
S1300,80.0,80.0,95.0,3.0,Yes,80.0,Average
S1302,90.0,80.0,95.0,7.0,Yes,80.0,Good
S1304,90.0,80.0,95.0,5.0,Yes,77.0,Good
S1305,90.0,80.0,95.0,3.0,Yes,80.0,Average
S1307,90.0,62.0,95.0,9.0,Yes,72.0,Good
S1308,90.0,88.0,95.0,9.0,No,61.0,Good
S1316,90.0,62.0,95.0,3.0,No,80.0,Average
S1318,90.0,62.0,95.0,8.0,Yes,61.0,Average
S1319,80.0,80.0,95.0,3.0,No,80.0,Good
S1322,90.0,62.0,95.0,3.0,Yes,59.0,Average
S1323,90.0,42.0,95.0,5.0,No,56.0,At-Risk
S1329,80.0,76.0,95.0,3.0,No,80.0,Average
S1330,80.0,70.0,95.0,3.0,No,61.0,Average
S1333,90.0,62.0,95.0,2.0,No,67.0,At-Risk
S1337,90.0,62.0,95.0,3.0,Yes,61.0,Good
S1338,90.0,55.0,95.0,7.0,No,80.0,At-Risk
S1341,90.0,62.0,95.0,3.0,No,87.0,Average
S1342,80.0,48.0,95.0,9.0,Yes,62.0,At-Risk
S1343,90.0,95.0,95.0,6.0,No,61.0,Good
S1345,90.0,62.0,95.0,5.0,Yes,43.0,At-Risk
S1347,96.0,92.0,95.0,2.0,No,51.0,Average
S1349,90.0,62.0,95.0,9.0,Yes,49.0,Average
S1355,80.0,35.0,95.0,3.0,Yes,35.0,Good
S1357,90.0,80.0,95.0,3.0,Yes,57.0,Average
S1361,86.0,80.0,95.0,3.0,No,61.0,Average
S1363,80.0,62.0,95.0,3.0,No,80.0,Good
S1365,90.0,51.0,95.0,3.0,Yes,61.0,At-Risk
S1366,90.0,76.0,95.0,3.0,Yes,80.0,Average
S1368,90.0,86.0,95.0,6.0,Yes,80.0,Good
S1370,90.0,80.0,95.0,3.0,No,80.0,At-Risk
S1372,80.0,80.0,95.0,3.0,No,95.0,Average
S1373,90.0,80.0,95.0,8.0,Yes,93.0,Good
S1376,90.0,62.0,95.0,7.0,Yes,61.0,Good
S1379,90.0,80.0,95.0,10.0,Yes,61.0,Good
S1380,86.0,62.0,95.0,7.0,Yes,80.0,Good
S1381,90.0,80.0,95.0,3.0,Yes,61.0,Good
S1383,90.0,62.0,95.0,5.0,Yes,46.0,At-Risk
S1390,90.0,62.0,95.0,9.0,Yes,61.0,Average
S1392,80.0,80.0,95.0,8.0,Yes,80.0,At-Risk
S1393,80.0,80.0,95.0,3.0,No,34.0,Good
S1394,90.0,62.0,95.0,6.0,Yes,61.0,At-Risk
S1397,80.0,49.0,95.0,3.0,Yes,80.0,At-Risk
S1400,83.0,35.0,95.0,8.0,Yes,71.0,At-Risk
S1401,90.0,62.0,95.0,6.0,Yes,80.0,Good
S1404,90.0,71.0,95.0,3.0,No,61.0,Good
S1408,94.0,80.0,95.0,3.0,Yes,80.0,Good
S1411,80.0,80.0,95.0,8.0,Yes,65.0,At-Risk
S1419,90.0,45.0,95.0,7.0,Yes,61.0,Good
S1420,90.0,80.0,95.0,3.0,No,86.0,Good
S1421,89.0,62.0,95.0,3.0,Yes,80.0,Good
S1422,90.0,62.0,95.0,3.0,No,84.0,At-Risk
S1425,90.0,59.0,95.0,3.0,Yes,80.0,Good
S1426,90.0,62.0,95.0,3.0,No,80.0,Average
S1427,90.0,35.0,95.0,1.0,Yes,80.0,At-Risk
S1428,90.0,80.0,95.0,8.0,Yes,80.0,Good
S1430,90.0,35.0,95.0,6.0,No,61.0,Good
S1433,90.0,71.0,95.0,3.0,No,80.0,Average
S1438,80.0,43.0,95.0,7.0,Yes,80.0,At-Risk
S1440,90.0,62.0,95.0,3.0,No,57.0,Average
S1443,90.0,62.0,95.0,10.0,Yes,61.0,Good
S1446,90.0,80.0,95.0,5.0,Yes,80.0,Good
S1447,90.0,80.0,95.0,4.0,Yes,57.0,Good
S1449,80.0,80.0,95.0,2.0,No,52.0,Good
S1452,90.0,94.0,95.0,7.0,Yes,61.0,Average
S1455,80.0,62.0,95.0,3.0,Yes,80.0,Good
S1456,90.0,93.0,95.0,9.0,No,80.0,Good
S1457,90.0,47.0,95.0,3.0,Yes,80.0,Average
S1460,90.0,80.0,95.0,3.0,No,61.0,Good
S1463,90.0,80.0,95.0,1.0,No,61.0,Good
S1464,90.0,62.0,95.0,5.0,No,80.0,Good
S1465,90.0,62.0,95.0,3.0,No,68.0,Average
S1466,90.0,62.0,95.0,3.0,Yes,61.0,Good
S1468,90.0,56.0,95.0,3.0,Yes,80.0,Good
S1469,91.0,69.0,95.0,3.0,Yes,80.0,At-Risk
S1470,90.0,49.0,95.0,10.0,Yes,77.0,Good
S1471,90.0,80.0,95.0,3.0,Yes,61.0,Good
S1473,90.0,59.0,95.0,3.0,Yes,61.0,At-Risk
S1474,80.0,62.0,95.0,9.0,No,61.0,Good
S1475,92.0,42.0,95.0,8.0,No,80.0,At-Risk
S1477,90.0,93.0,95.0,3.0,Yes,61.0,Average
S1478,90.0,80.0,95.0,6.0,Yes,80.0,At-Risk
S1479,90.0,80.0,95.0,3.0,No,61.0,Good
S1482,90.0,80.0,95.0,4.0,Yes,80.0,Average
S1486,90.0,77.0,95.0,4.0,No,84.0,Average
S1488,80.0,68.0,95.0,3.0,Yes,40.0,Good
S1490,80.0,64.0,95.0,6.0,Yes,61.0,Good
S1494,90.0,80.0,95.0,3.0,Yes,80.0,Average
S1495,80.0,36.0,95.0,3.0,Yes,61.0,Average
S1499,90.0,80.0,95.0,3.0,Yes,53.0,Good
S1500,85.0,62.0,95.0,3.0,Yes,80.0,Good
S1502,90.0,80.0,95.0,3.0,No,61.0,Good
S1505,80.0,77.0,95.0,3.0,Yes,94.0,At-Risk
S1507,80.0,64.0,95.0,2.0,Yes,80.0,Average
S1508,80.0,87.0,95.0,4.0,Yes,80.0,Good
S1511,90.0,67.0,95.0,3.0,No,61.0,Good
S1512,90.0,80.0,95.0,6.0,Yes,61.0,Good
S1513,90.0,62.0,95.0,3.0,No,80.0,Average
S1514,80.0,64.0,95.0,3.0,Yes,61.0,At-Risk
S1515,90.0,80.0,95.0,3.0,Yes,80.0,Good
S1516,90.0,76.0,95.0,10.0,Yes,61.0,At-Risk
S1517,80.0,62.0,95.0,4.0,Yes,50.0,At-Risk
S1518,91.0,62.0,95.0,10.0,Yes,61.0,Good
S1519,93.0,75.0,95.0,10.0,Yes,80.0,Average
S1520,90.0,80.0,95.0,4.0,Yes,61.0,Average
S1525,90.0,80.0,95.0,3.0,Yes,61.0,Good
S1526,80.0,62.0,95.0,3.0,No,32.5,Good
S1528,90.0,80.0,95.0,3.0,Yes,61.0,At-Risk
S1529,80.0,62.0,95.0,2.0,Yes,56.0,Good
S1533,81.0,62.0,95.0,4.0,Yes,80.0,Good
S1534,80.0,66.0,95.0,3.0,Yes,32.5,At-Risk
S1535,90.0,62.0,95.0,1.0,No,80.0,At-Risk
S1546,80.0,62.0,95.0,3.0,Yes,82.0,Good
S1548,90.0,42.0,95.0,1.0,Yes,42.0,Average
S1550,90.0,62.0,95.0,3.0,Yes,61.0,Average
S1551,80.0,80.0,95.0,3.0,No,80.0,Good
S1552,86.0,80.0,95.0,8.0,No,61.0,At-Risk
S1553,90.0,80.0,95.0,8.0,Yes,61.0,Average
S1556,80.0,66.0,95.0,6.0,No,61.0,Average
S1557,90.0,62.0,95.0,8.0,Yes,80.0,At-Risk
S1562,80.0,62.0,95.0,3.0,No,80.0,Average
S1566,90.0,80.0,95.0,3.0,Yes,63.0,Good
S1569,90.0,80.0,95.0,7.0,Yes,74.0,At-Risk
S1570,80.0,80.0,95.0,8.0,No,80.0,At-Risk
S1575,80.0,74.0,95.0,3.0,Yes,69.0,Good
S1580,90.0,80.0,95.0,3.0,Yes,80.0,Average
S1581,90.0,78.0,95.0,5.0,Yes,95.0,At-Risk
S1589,80.0,63.0,95.0,7.0,Yes,61.0,Good
S1592,80.0,62.0,95.0,3.0,Yes,61.0,At-Risk
S1596,80.0,62.0,95.0,8.0,No,61.0,Average
S1602,90.0,62.0,95.0,9.0,Yes,33.0,At-Risk
S1603,90.0,80.0,95.0,3.0,Yes,72.0,Good
S1604,80.0,80.0,95.0,3.0,Yes,88.0,At-Risk
S1605,90.0,62.0,95.0,6.0,Yes,62.0,Average
S1607,90.0,80.0,95.0,3.0,Yes,61.0,Good
S1609,90.0,80.0,95.0,3.0,No,80.0,At-Risk
S1610,90.0,70.0,95.0,3.0,Yes,80.0,At-Risk
S1611,90.0,62.0,95.0,3.0,Yes,64.0,Average
S1615,90.0,62.0,95.0,5.0,Yes,80.0,Average
S1621,96.0,35.0,95.0,2.0,Yes,61.0,Average
S1622,90.0,80.0,95.0,3.0,Yes,40.0,Good
S1629,80.0,80.0,95.0,10.0,Yes,61.0,Good
S1630,80.0,62.0,95.0,3.0,No,80.0,Good
S1631,90.0,80.0,95.0,3.0,No,61.0,Average
S1632,96.0,64.0,95.0,3.0,Yes,71.0,Good
S1634,80.0,92.0,95.0,3.0,Yes,61.0,Average
S1635,90.0,80.0,95.0,3.0,Yes,75.0,Good
S1641,90.0,42.0,95.0,3.0,Yes,48.0,At-Risk
S1642,90.0,62.0,95.0,8.0,No,55.0,Average
S1644,88.0,62.0,95.0,9.0,Yes,80.0,Good
S1645,90.0,89.0,95.0,7.0,Yes,61.0,Average
S1646,90.0,62.0,95.0,3.0,No,80.0,At-Risk
S1647,80.0,49.0,95.0,3.0,Yes,61.0,Average
S1651,90.0,37.0,95.0,6.0,No,80.0,Good
S1658,90.0,56.0,95.0,5.0,Yes,68.0,Good
S1659,80.0,49.0,95.0,3.0,Yes,61.0,Average
S1660,90.0,90.0,95.0,3.0,Yes,80.0,At-Risk
S1662,90.0,80.0,95.0,4.0,Yes,80.0,Good
S1663,96.0,62.0,95.0,3.0,No,48.0,Good
S1665,80.0,62.0,95.0,1.0,Yes,80.0,Good
S1666,88.0,36.0,95.0,3.0,No,61.0,At-Risk
S1668,90.0,62.0,95.0,2.0,No,80.0,Good
S1670,80.0,83.0,95.0,3.0,No,61.0,At-Risk
S1671,90.0,80.0,95.0,1.0,Yes,72.0,At-Risk
S1672,91.0,80.0,95.0,3.0,No,80.0,Average
S1673,90.0,80.0,95.0,1.0,No,61.0,Good
S1674,90.0,80.0,95.0,1.0,Yes,80.0,At-Risk
S1676,90.0,80.0,95.0,3.0,No,92.0,Good
S1678,90.0,62.0,95.0,6.0,Yes,61.0,Good
S1680,90.0,94.0,95.0,9.0,Yes,61.0,At-Risk
S1681,90.0,82.0,95.0,3.0,No,64.0,At-Risk
S1682,90.0,36.0,95.0,10.0,Yes,61.0,Good
S1688,90.0,62.0,95.0,1.0,No,61.0,At-Risk
S1689,90.0,80.0,95.0,9.0,Yes,77.0,Average
S1690,90.0,56.0,95.0,3.0,Yes,80.0,Average
S1697,90.0,62.0,95.0,8.0,No,61.0,At-Risk
S1698,90.0,62.0,95.0,9.0,Yes,80.0,Good
S1702,90.0,80.0,95.0,6.0,No,80.0,Good
S1704,90.0,93.0,95.0,7.0,No,61.0,Good
S1706,90.0,95.0,95.0,5.0,Yes,61.0,Good
S1708,91.0,62.0,95.0,5.0,Yes,39.0,Average
S1709,86.0,80.0,95.0,6.0,No,36.0,At-Risk
S1711,90.0,62.0,95.0,3.0,No,80.0,Average
S1712,90.0,80.0,95.0,3.0,No,62.0,Average
S1713,94.0,35.0,95.0,3.0,No,80.0,Good
S1714,90.0,48.0,95.0,3.0,No,84.0,Good
S1716,90.0,62.0,95.0,3.0,Yes,45.0,Good
S1724,90.0,80.0,95.0,10.0,Yes,61.0,Average
S1728,80.0,91.0,95.0,7.0,No,61.0,Average
S1729,90.0,62.0,95.0,3.0,Yes,61.0,Average
S1732,96.0,80.0,95.0,9.0,No,59.0,Good
S1733,90.0,77.0,95.0,3.0,No,80.0,Good
S1734,90.0,35.0,95.0,3.0,Yes,89.0,At-Risk
S1736,90.0,42.0,95.0,3.0,Yes,80.0,Good
S1738,90.0,94.0,95.0,3.0,No,61.0,At-Risk
S1740,90.0,63.0,95.0,3.0,Yes,70.0,Average
S1742,90.0,80.0,95.0,1.0,Yes,80.0,Good
S1743,84.0,80.0,95.0,5.0,Yes,80.0,At-Risk
S1747,90.0,80.0,95.0,4.0,Yes,50.0,Average
S1749,90.0,75.0,95.0,8.0,No,94.0,At-Risk
S1751,80.0,62.0,95.0,3.0,No,61.0,Good
S1754,90.0,62.0,95.0,3.0,Yes,61.0,At-Risk
S1755,95.0,80.0,95.0,3.0,No,61.0,Good
S1758,90.0,62.0,95.0,7.0,No,58.0,Good
S1760,90.0,93.0,95.0,3.0,Yes,60.0,Good
S1762,90.0,74.0,95.0,7.0,No,51.0,Good
S1767,90.0,80.0,95.0,3.0,Yes,77.0,Average
S1769,90.0,62.0,95.0,3.0,Yes,80.0,At-Risk
S1771,90.0,62.0,95.0,6.0,No,80.0,Average
S1772,90.0,80.0,95.0,3.0,Yes,61.0,Good
S1773,90.0,62.0,95.0,3.0,Yes,61.0,Good
S1774,90.0,80.0,95.0,6.0,Yes,64.0,Good
S1780,80.0,39.0,95.0,5.0,Yes,61.0,At-Risk
S1781,95.0,80.0,95.0,3.0,No,84.0,Good
S1783,90.0,80.0,95.0,3.0,Yes,52.0,Average
S1785,90.0,62.0,95.0,3.0,Yes,61.0,Good
S1790,90.0,80.0,95.0,6.0,Yes,61.0,Good
S1797,80.0,85.0,95.0,3.0,Yes,61.0,Good
S1798,90.0,37.0,95.0,3.0,No,80.0,At-Risk
S1802,80.0,38.0,95.0,3.0,No,77.0,Good
S1803,90.0,62.0,95.0,3.0,No,80.0,Average
S1804,83.0,69.0,95.0,9.0,No,80.0,Good
S1805,90.0,62.0,95.0,3.0,Yes,80.0,At-Risk
S1808,90.0,62.0,95.0,2.0,Yes,59.0,Average
S1809,85.0,62.0,95.0,3.0,No,79.0,Good
S1810,80.0,50.0,95.0,3.0,Yes,57.0,At-Risk
S1812,90.0,49.0,95.0,9.0,Yes,61.0,Average
S1814,90.0,88.0,95.0,1.0,Yes,95.0,Good
S1815,90.0,80.0,95.0,4.0,Yes,80.0,Good
S1817,90.0,80.0,95.0,5.0,Yes,80.0,Average
S1818,90.0,36.0,95.0,6.0,No,80.0,Good
S1819,80.0,62.0,95.0,3.0,Yes,61.0,Good
S1823,91.0,94.0,95.0,3.0,Yes,80.0,Good
S1829,80.0,47.0,95.0,3.0,Yes,61.0,Average
S1830,90.0,62.0,95.0,1.0,No,61.0,Average
S1837,90.0,80.0,95.0,1.0,Yes,76.0,Good
S1843,90.0,52.0,95.0,3.0,Yes,81.0,Average
S1845,90.0,62.0,95.0,9.0,Yes,80.0,Good
S1846,90.0,80.0,95.0,4.0,No,61.0,At-Risk
S1851,90.0,80.0,95.0,3.0,Yes,61.0,At-Risk
S1852,90.0,86.0,95.0,3.0,No,80.0,At-Risk
S1854,90.0,62.0,95.0,4.0,No,82.0,Average
S1856,90.0,80.0,95.0,10.0,Yes,80.0,Average
S1859,90.0,80.0,95.0,3.0,Yes,61.0,Good
S1861,90.0,62.0,95.0,3.0,No,80.0,Average
S1862,80.0,82.0,95.0,9.0,No,80.0,At-Risk
S1863,80.0,62.0,95.0,9.0,No,61.0,Good
S1864,90.0,62.0,95.0,3.0,No,62.0,Good
S1869,90.0,80.0,95.0,3.0,Yes,61.0,Average
S1870,90.0,92.0,95.0,10.0,No,76.0,Good
S1872,80.0,85.0,95.0,2.0,No,86.0,Good
S1874,90.0,57.0,95.0,5.0,Yes,80.0,At-Risk
S1876,90.0,62.0,95.0,3.0,Yes,61.0,Average
S1877,90.0,45.0,95.0,3.0,No,61.0,At-Risk
S1881,80.0,62.0,95.0,3.0,No,61.0,At-Risk
S1887,90.0,70.0,95.0,5.0,Yes,61.0,Good
S1889,90.0,80.0,95.0,3.0,No,61.0,Good
S1890,90.0,62.0,95.0,3.0,Yes,61.0,Average
S1893,80.0,62.0,95.0,3.0,No,78.0,At-Risk
S1894,90.0,80.0,95.0,3.0,Yes,61.0,Good
S1896,90.0,80.0,95.0,3.0,Yes,36.0,At-Risk
S1897,86.0,48.0,95.0,8.0,Yes,42.0,Average
S1899,88.0,62.0,95.0,2.0,Yes,61.0,Good
S1902,90.0,62.0,95.0,3.0,Yes,61.0,Good
S1903,80.0,80.0,95.0,10.0,No,80.0,At-Risk
S1904,90.0,35.0,95.0,2.0,Yes,61.0,At-Risk
S1909,80.0,58.0,95.0,2.0,Yes,88.0,Average
S1912,90.0,80.0,95.0,6.0,Yes,38.0,Good
S1915,90.0,62.0,95.0,3.0,Yes,59.0,At-Risk
S1917,90.0,62.0,95.0,8.0,No,84.0,Average
S1918,90.0,88.0,95.0,3.0,Yes,80.0,At-Risk
S1919,90.0,77.0,95.0,3.0,No,61.0,Good
S1921,90.0,80.0,95.0,10.0,Yes,80.0,Good
S1924,90.0,62.0,95.0,3.0,No,79.0,At-Risk
S1925,96.0,70.0,95.0,4.0,No,80.0,At-Risk
S1935,90.0,62.0,95.0,3.0,No,61.0,Good
S1939,90.0,62.0,95.0,3.0,No,80.0,Average
S1941,90.0,62.0,95.0,3.0,Yes,80.0,Good
S1943,90.0,56.0,95.0,5.0,Yes,61.0,At-Risk
S1946,90.0,80.0,95.0,3.0,Yes,80.0,Average
S1947,90.0,62.0,95.0,10.0,No,76.0,Average
S1948,80.0,80.0,95.0,3.0,Yes,83.0,Average
S1950,85.0,62.0,95.0,3.0,No,66.0,At-Risk
S1954,80.0,62.0,95.0,3.0,Yes,61.0,Average
S1955,90.0,80.0,95.0,7.0,Yes,80.0,Good
S1956,80.0,78.0,95.0,2.0,Yes,33.0,Average
S1957,80.0,80.0,95.0,3.0,No,61.0,At-Risk
S1959,90.0,80.0,95.0,1.0,Yes,61.0,Average
S1963,90.0,35.0,95.0,2.0,Yes,80.0,At-Risk
S1964,90.0,62.0,95.0,7.0,Yes,61.0,Good
S1965,90.0,80.0,95.0,8.0,Yes,61.0,At-Risk
S1968,90.0,82.0,95.0,7.0,Yes,61.0,At-Risk
S1969,82.0,48.0,95.0,3.0,Yes,61.0,Good
S1971,90.0,80.0,95.0,3.0,Yes,80.0,Average
S1972,80.0,64.0,95.0,3.0,Yes,80.0,Good
S1975,90.0,62.0,95.0,3.0,Yes,80.0,Good
S1976,90.0,62.0,95.0,3.0,Yes,61.0,Good
S1977,90.0,86.0,95.0,3.0,Yes,80.0,Average
S1978,90.0,80.0,95.0,3.0,Yes,41.0,Good
S1980,80.0,80.0,95.0,10.0,No,61.0,Average
S1990,90.0,35.0,95.0,10.0,Yes,80.0,Average
S1991,90.0,62.0,95.0,3.0,Yes,61.0,At-Risk
S1993,90.0,62.0,95.0,3.0,Yes,61.0,At-Risk
S1997,90.0,49.0,95.0,3.0,Yes,61.0,Average
S2000,85.0,56.0,95.0,4.0,Yes,91.0,Average
S2003,90.0,80.0,95.0,3.0,Yes,61.0,Good
S2007,90.0,62.0,95.0,3.0,Yes,80.0,Good
S2008,90.0,61.0,95.0,3.0,No,79.0,Good
S2009,80.0,62.0,95.0,6.0,Yes,80.0,Good
S2011,90.0,66.0,95.0,5.0,Yes,80.0,Average
S2012,80.0,80.0,95.0,3.0,Yes,80.0,Good
S2015,90.0,47.0,95.0,3.0,Yes,61.0,At-Risk
S2021,80.0,80.0,95.0,6.0,No,61.0,Average
S2022,90.0,44.0,95.0,2.0,No,32.5,At-Risk
S2027,90.0,35.0,95.0,3.0,Yes,80.0,Good
S2028,80.0,80.0,95.0,3.0,Yes,90.0,Average
S2030,90.0,62.0,95.0,3.0,Yes,60.0,Average
S2032,90.0,67.0,95.0,1.0,Yes,36.0,Average
S2036,80.0,83.0,95.0,3.0,Yes,69.0,Average
S2038,90.0,80.0,95.0,3.0,No,61.0,Average
S2042,90.0,84.0,95.0,3.0,Yes,80.0,Average
S2043,80.0,55.0,95.0,3.0,Yes,80.0,At-Risk
S2044,90.0,62.0,95.0,3.0,No,61.0,At-Risk
S2045,80.0,62.0,95.0,3.0,No,80.0,Good
S2047,92.0,62.0,95.0,10.0,Yes,61.0,At-Risk
S2048,80.0,72.0,95.0,3.0,Yes,91.0,At-Risk
S2049,90.0,62.0,95.0,3.0,Yes,77.0,Good
S2051,87.0,62.0,95.0,3.0,Yes,80.0,Good
S2052,90.0,62.0,95.0,3.0,Yes,61.0,Good
S2053,90.0,62.0,95.0,2.0,No,91.0,Good
S2054,80.0,80.0,95.0,3.0,Yes,80.0,Average
S2056,90.0,80.0,95.0,3.0,Yes,67.0,Good
S2061,90.0,62.0,95.0,3.0,Yes,80.0,Average
S2065,90.0,70.0,95.0,6.0,Yes,90.0,Good
S2066,90.0,80.0,95.0,3.0,No,61.0,Good
S2069,80.0,62.0,95.0,3.0,No,61.0,Good
S2070,90.0,62.0,95.0,3.0,Yes,64.0,Good
S2073,90.0,41.0,95.0,3.0,Yes,80.0,Average
S2078,90.0,50.0,95.0,3.0,Yes,60.0,At-Risk
S2079,90.0,80.0,95.0,4.0,No,80.0,At-Risk
S2081,80.0,62.0,95.0,3.0,Yes,73.0,Good
S2082,90.0,80.0,95.0,7.0,No,80.0,At-Risk
S2085,90.0,80.0,95.0,3.0,Yes,39.0,At-Risk
S2086,80.0,62.0,95.0,3.0,Yes,61.0,At-Risk
S2087,90.0,38.0,95.0,10.0,Yes,80.0,At-Risk
S2089,80.0,80.0,95.0,4.0,No,80.0,At-Risk
S2094,90.0,80.0,95.0,2.0,Yes,61.0,At-Risk
S2095,80.0,65.0,95.0,3.0,Yes,61.0,Average
S2102,90.0,62.0,95.0,6.0,Yes,80.0,Good
S2110,80.0,62.0,95.0,10.0,Yes,80.0,Good
S2112,90.0,92.0,95.0,3.0,No,80.0,Average
S2113,92.0,80.0,95.0,3.0,Yes,80.0,At-Risk
S2115,90.0,80.0,95.0,8.0,Yes,80.0,At-Risk
S2116,90.0,62.0,95.0,3.0,Yes,61.0,At-Risk
S2118,90.0,36.0,95.0,1.0,No,80.0,Good
S2120,90.0,50.0,95.0,10.0,Yes,80.0,Average
S2123,90.0,80.0,95.0,3.0,Yes,61.0,At-Risk
S2124,80.0,94.0,95.0,3.0,Yes,61.0,Average
S2127,80.0,80.0,95.0,3.0,Yes,80.0,Average
S2129,96.0,80.0,95.0,9.0,No,80.0,Good
S2134,90.0,80.0,95.0,3.0,No,61.0,Good
S2137,80.0,62.0,95.0,6.0,Yes,89.0,At-Risk
S2139,96.0,58.0,95.0,5.0,No,89.0,Good
S2142,90.0,80.0,95.0,3.0,No,57.0,Good
S2147,80.0,80.0,95.0,8.0,Yes,61.0,Good
S2150,90.0,62.0,95.0,4.0,Yes,80.0,At-Risk
S2152,90.0,80.0,95.0,3.0,Yes,80.0,Average
S2155,90.0,80.0,95.0,4.0,No,66.0,Good
S2161,90.0,62.0,95.0,4.0,Yes,40.0,At-Risk
S2164,90.0,80.0,95.0,7.0,No,61.0,Average
S2165,80.0,58.0,95.0,3.0,Yes,87.0,Average
S2166,90.0,80.0,95.0,5.0,Yes,80.0,At-Risk
S2168,90.0,62.0,95.0,3.0,No,80.0,Average
S2172,90.0,66.0,95.0,2.0,Yes,80.0,At-Risk
S2175,80.0,80.0,95.0,3.0,Yes,80.0,Average
S2182,80.0,62.0,95.0,10.0,Yes,78.0,Good
S2184,90.0,73.0,95.0,3.0,Yes,61.0,Good
S2190,80.0,62.0,95.0,3.0,Yes,61.0,At-Risk
S2195,90.0,45.0,95.0,5.0,Yes,44.0,At-Risk
S2197,90.0,62.0,95.0,3.0,Yes,80.0,Average
S2201,90.0,62.0,95.0,6.0,Yes,59.0,At-Risk
S2203,90.0,62.0,95.0,3.0,Yes,80.0,Good
S2205,80.0,77.0,95.0,6.0,No,39.0,Average
S2209,80.0,80.0,95.0,3.0,No,61.0,Good
S2211,90.0,80.0,95.0,7.0,Yes,61.0,At-Risk
S2212,96.0,62.0,95.0,3.0,No,61.0,Good
S2213,90.0,80.0,95.0,3.0,Yes,32.5,At-Risk
S2214,90.0,58.0,95.0,3.0,Yes,58.0,Good
S2215,94.0,40.0,95.0,3.0,Yes,49.0,At-Risk
S2220,90.0,80.0,95.0,8.0,Yes,80.0,At-Risk
S2222,90.0,62.0,95.0,3.0,Yes,64.0,Average
S2226,90.0,35.0,95.0,3.0,No,80.0,Good
S2228,80.0,80.0,95.0,2.0,Yes,80.0,At-Risk
S2232,93.0,62.0,95.0,3.0,No,80.0,At-Risk
S2238,90.0,77.0,95.0,2.0,Yes,61.0,Good
S2241,90.0,80.0,95.0,7.0,Yes,32.5,Average
S2242,90.0,62.0,95.0,2.0,Yes,83.0,At-Risk
S2246,90.0,80.0,95.0,10.0,Yes,38.0,Good
S2249,80.0,80.0,95.0,3.0,Yes,67.0,Good
S2251,90.0,62.0,95.0,4.0,Yes,61.0,At-Risk
S2252,90.0,53.0,95.0,5.0,Yes,72.0,Average
S2256,90.0,67.0,95.0,3.0,Yes,61.0,At-Risk
S2258,80.0,62.0,95.0,3.0,No,80.0,Good
S2264,90.0,62.0,95.0,3.0,Yes,61.0,Average
S2269,90.0,80.0,95.0,3.0,Yes,61.0,Average
S2273,90.0,62.0,95.0,3.0,No,61.0,Good
S2275,90.0,35.0,95.0,4.0,Yes,61.0,At-Risk
S2277,90.0,72.0,95.0,3.0,Yes,80.0,At-Risk
S2278,90.0,73.0,95.0,5.0,No,45.0,Good
S2279,90.0,62.0,95.0,8.0,Yes,62.0,Good
S2280,80.0,62.0,95.0,7.0,Yes,80.0,Average
S2281,90.0,62.0,95.0,3.0,Yes,39.0,At-Risk
S2284,90.0,39.0,95.0,3.0,Yes,68.0,Average
S2291,80.0,74.0,95.0,3.0,Yes,61.0,Good
S2292,90.0,80.0,95.0,5.0,No,48.0,At-Risk
S2293,90.0,80.0,95.0,3.0,Yes,61.0,Good
S2295,90.0,80.0,95.0,5.0,Yes,42.0,Average
S2296,90.0,62.0,95.0,3.0,No,75.0,Good
S2299,90.0,84.0,95.0,1.0,Yes,80.0,Good
S2303,80.0,54.0,95.0,10.0,Yes,80.0,Average
S2304,90.0,62.0,95.0,3.0,Yes,56.0,Good
S2305,83.0,80.0,95.0,8.0,Yes,81.0,At-Risk
S2309,90.0,80.0,95.0,7.0,No,80.0,Good
S2311,85.0,80.0,95.0,3.0,Yes,61.0,Good
S2315,90.0,35.0,95.0,3.0,Yes,80.0,At-Risk
S2316,90.0,80.0,95.0,2.0,Yes,61.0,Average
S2317,90.0,62.0,95.0,3.0,Yes,43.0,At-Risk
S2318,80.0,35.0,95.0,4.0,Yes,56.0,Good
S2328,90.0,75.0,95.0,3.0,No,61.0,At-Risk
S2333,90.0,64.0,95.0,3.0,Yes,61.0,Good
S2335,87.0,80.0,95.0,3.0,Yes,34.0,At-Risk
S2336,90.0,95.0,95.0,3.0,Yes,36.0,At-Risk
S2337,90.0,62.0,95.0,3.0,Yes,61.0,At-Risk
S2339,80.0,80.0,95.0,4.0,Yes,61.0,At-Risk
S2340,90.0,62.0,95.0,3.0,Yes,80.0,At-Risk
S2342,90.0,80.0,95.0,3.0,No,70.0,At-Risk
S2345,80.0,61.0,95.0,3.0,Yes,80.0,Average
S2348,90.0,62.0,95.0,3.0,Yes,61.0,Good
S2350,90.0,80.0,95.0,2.0,Yes,80.0,Average
S2351,90.0,75.0,95.0,3.0,Yes,67.0,Good
S2353,90.0,89.0,95.0,2.0,Yes,80.0,Average
S2357,90.0,80.0,95.0,10.0,Yes,61.0,Good
S2359,96.0,36.0,95.0,3.0,Yes,61.0,Good
S2360,90.0,62.0,95.0,10.0,Yes,83.0,Good
S2366,80.0,35.0,95.0,10.0,Yes,61.0,Good
S2368,90.0,62.0,95.0,6.0,No,80.0,Average
S2369,90.0,62.0,95.0,3.0,Yes,73.0,Average
S2371,90.0,80.0,95.0,6.0,No,80.0,Good
S2373,80.0,51.0,95.0,6.0,Yes,61.0,Average
S2375,90.0,80.0,95.0,2.0,Yes,80.0,At-Risk
S2379,92.0,62.0,95.0,3.0,Yes,61.0,Good
S2380,80.0,80.0,95.0,3.0,Yes,58.0,At-Risk
S2381,90.0,80.0,95.0,3.0,Yes,80.0,At-Risk
S2385,90.0,56.0,95.0,3.0,No,53.0,At-Risk
S2389,90.0,69.0,95.0,8.0,Yes,61.0,Good
S2391,90.0,84.0,95.0,3.0,Yes,61.0,Good
S2395,82.0,36.0,95.0,3.0,Yes,64.0,Average
S2396,80.0,80.0,95.0,8.0,No,71.0,Good
S2398,90.0,62.0,95.0,4.0,Yes,41.0,Good
S2399,90.0,62.0,95.0,8.0,Yes,62.0,At-Risk
S2402,90.0,80.0,95.0,7.0,Yes,61.0,Average
S2403,90.0,55.0,95.0,3.0,Yes,80.0,At-Risk
S2405,90.0,80.0,95.0,3.0,Yes,80.0,Good
S2406,90.0,63.0,95.0,1.0,Yes,63.0,At-Risk
S2408,80.0,80.0,95.0,3.0,Yes,66.0,Average
S2411,90.0,49.0,95.0,3.0,No,80.0,Good
S2419,90.0,62.0,95.0,3.0,No,61.0,Average
S2425,90.0,62.0,95.0,6.0,Yes,80.0,Good
S2428,80.0,80.0,95.0,5.0,Yes,80.0,At-Risk
S2429,80.0,62.0,95.0,8.0,Yes,80.0,Good
S2430,85.0,80.0,95.0,3.0,No,61.0,Average
S2434,90.0,62.0,95.0,3.0,Yes,61.0,At-Risk
S2437,80.0,80.0,95.0,10.0,Yes,61.0,Good
S2439,80.0,61.0,95.0,4.0,No,47.0,Good
S2440,90.0,80.0,95.0,3.0,No,61.0,Good
S2441,90.0,58.0,95.0,2.0,No,61.0,Average
S2444,90.0,62.0,95.0,3.0,No,61.0,Good
S2447,90.0,35.0,95.0,3.0,Yes,61.0,At-Risk
S2448,90.0,80.0,95.0,3.0,Yes,61.0,Average
S2450,90.0,80.0,95.0,3.0,No,80.0,At-Risk
S2452,90.0,80.0,95.0,3.0,No,61.0,Good
S2454,90.0,62.0,95.0,3.0,No,84.0,Average
S2455,80.0,80.0,95.0,6.0,No,69.0,Average
S2459,90.0,62.0,95.0,3.0,Yes,80.0,Good
S2461,90.0,80.0,95.0,2.0,Yes,61.0,At-Risk
S2465,90.0,80.0,95.0,3.0,Yes,80.0,At-Risk
S2468,90.0,62.0,95.0,5.0,No,41.0,At-Risk
S2469,96.0,80.0,95.0,3.0,No,80.0,Good
S2470,90.0,62.0,95.0,4.0,No,80.0,Good
S2472,90.0,45.0,95.0,5.0,No,50.0,At-Risk
S2473,90.0,86.0,95.0,9.0,No,53.0,Average
S2474,90.0,54.0,95.0,6.0,Yes,61.0,At-Risk
S2481,90.0,72.0,95.0,3.0,Yes,80.0,At-Risk
S2487,96.0,62.0,95.0,3.0,Yes,61.0,Good
S2488,80.0,62.0,95.0,3.0,Yes,70.0,Average
S2490,90.0,71.0,95.0,3.0,No,80.0,Average
S2494,90.0,89.0,95.0,8.0,Yes,61.0,Good
S2497,90.0,80.0,95.0,3.0,Yes,61.0,At-Risk
S2498,90.0,42.0,95.0,3.0,No,80.0,Good
S2502,90.0,80.0,95.0,3.0,Yes,92.0,At-Risk
S2507,90.0,63.0,95.0,4.0,Yes,61.0,At-Risk
S2508,90.0,62.0,95.0,7.0,Yes,61.0,Good
S2509,90.0,62.0,95.0,1.0,Yes,54.0,Average
S2513,80.0,80.0,95.0,9.0,Yes,61.0,Average
S2517,90.0,35.0,95.0,10.0,Yes,61.0,Average
S2519,90.0,62.0,95.0,3.0,No,61.0,Average
S2525,90.0,80.0,95.0,8.0,Yes,80.0,Average
S2527,90.0,73.0,95.0,9.0,Yes,61.0,At-Risk
S2532,90.0,62.0,95.0,3.0,Yes,39.0,At-Risk
S2533,90.0,35.0,95.0,3.0,No,61.0,At-Risk
S2534,90.0,80.0,95.0,3.0,No,80.0,Good
S2535,90.0,60.0,95.0,1.0,Yes,61.0,Good
S2538,90.0,62.0,95.0,3.0,No,75.0,At-Risk
S2545,80.0,63.0,95.0,8.0,No,61.0,Good
S2547,80.0,77.0,95.0,3.0,No,61.0,Good
S2555,90.0,90.0,95.0,3.0,Yes,61.0,Good
S2560,90.0,57.0,95.0,3.0,Yes,61.0,At-Risk
S2561,80.0,80.0,95.0,2.0,Yes,80.0,At-Risk
S2562,80.0,80.0,95.0,9.0,No,61.0,At-Risk
S2564,90.0,62.0,95.0,5.0,Yes,61.0,Average
S2566,90.0,72.0,95.0,3.0,Yes,32.5,At-Risk
S2568,96.0,62.0,95.0,3.0,Yes,61.0,Good
S2569,80.0,80.0,95.0,3.0,Yes,61.0,Good
S2571,90.0,62.0,95.0,3.0,No,62.0,Good
S2578,90.0,80.0,95.0,3.0,Yes,80.0,Good
S2579,90.0,57.0,95.0,3.0,Yes,61.0,Average
S2581,90.0,80.0,95.0,5.0,No,61.0,At-Risk
S2583,80.0,80.0,95.0,5.0,Yes,61.0,Good
S2590,90.0,80.0,95.0,9.0,Yes,46.0,At-Risk
S2592,90.0,62.0,95.0,3.0,Yes,80.0,Average
S2593,90.0,80.0,95.0,1.0,No,80.0,Good
S2597,90.0,48.0,95.0,5.0,Yes,39.0,Good
S2598,90.0,62.0,95.0,3.0,Yes,93.0,At-Risk
S2600,90.0,69.0,95.0,3.0,Yes,40.0,Good
S2601,90.0,87.0,95.0,3.0,Yes,61.0,At-Risk
S2602,89.0,62.0,95.0,3.0,No,80.0,Good
S2605,90.0,74.0,95.0,3.0,Yes,32.5,At-Risk
S2606,90.0,80.0,95.0,2.0,No,80.0,Good
S2607,94.0,36.0,95.0,2.0,No,80.0,Average
S2609,80.0,67.0,95.0,4.0,No,67.0,Good
S2614,90.0,80.0,95.0,8.0,Yes,49.0,Average
S2619,80.0,62.0,95.0,3.0,Yes,64.0,Average
S2620,80.0,35.0,95.0,3.0,No,61.0,Good
S2621,90.0,62.0,95.0,3.0,Yes,80.0,At-Risk
S2622,90.0,58.0,95.0,3.0,No,70.0,At-Risk
S2626,90.0,62.0,95.0,9.0,No,80.0,Good
S2627,90.0,62.0,95.0,7.0,Yes,36.0,Good
S2629,90.0,80.0,95.0,9.0,No,80.0,Average
S2633,90.0,91.0,95.0,3.0,Yes,80.0,Good
S2634,90.0,80.0,95.0,5.0,No,43.0,Good
S2635,90.0,62.0,95.0,3.0,No,80.0,Average
S2636,90.0,62.0,95.0,3.0,Yes,61.0,At-Risk
S2638,90.0,80.0,95.0,9.0,No,77.0,Good
S2640,92.0,62.0,95.0,7.0,Yes,43.0,At-Risk
S2641,80.0,62.0,95.0,8.0,No,61.0,At-Risk
S2648,90.0,80.0,95.0,3.0,No,82.0,At-Risk
S2650,88.0,62.0,95.0,3.0,No,80.0,Good
S2652,90.0,80.0,95.0,2.0,Yes,80.0,Good
S2654,80.0,35.0,95.0,4.0,No,61.0,Average
S2657,90.0,80.0,95.0,3.0,Yes,80.0,Average
S2658,90.0,62.0,95.0,5.0,Yes,80.0,At-Risk
S2663,90.0,62.0,95.0,3.0,No,32.5,Average
S2664,90.0,80.0,95.0,3.0,No,61.0,Good
S2668,90.0,41.0,95.0,3.0,No,61.0,Average
S2670,80.0,62.0,95.0,3.0,Yes,38.0,At-Risk
S2674,90.0,80.0,95.0,2.0,Yes,61.0,Average
S2676,90.0,38.0,95.0,7.0,No,33.0,At-Risk
S2677,90.0,35.0,95.0,3.0,Yes,88.0,Good
S2678,90.0,35.0,95.0,3.0,Yes,65.0,At-Risk
S2681,90.0,62.0,95.0,1.0,Yes,80.0,Good
S2690,90.0,66.0,95.0,10.0,Yes,43.0,Good
S2693,80.0,92.0,95.0,3.0,Yes,80.0,Good
S2694,90.0,59.0,95.0,6.0,Yes,61.0,At-Risk
S2695,96.0,80.0,95.0,3.0,Yes,39.0,At-Risk
S2698,80.0,62.0,95.0,3.0,No,51.0,Good
S2700,90.0,91.0,95.0,6.0,Yes,61.0,Good
S2707,90.0,80.0,95.0,3.0,No,83.0,At-Risk
S2709,90.0,80.0,95.0,3.0,Yes,82.0,At-Risk
S2714,90.0,62.0,95.0,5.0,No,61.0,Good
S2716,90.0,80.0,95.0,3.0,Yes,53.0,Good
S2718,80.0,35.0,95.0,3.0,No,43.0,At-Risk
S2719,90.0,80.0,95.0,3.0,No,53.0,At-Risk
S2720,90.0,62.0,95.0,3.0,Yes,61.0,At-Risk
S2722,90.0,35.0,95.0,5.0,No,80.0,Good
S2729,80.0,94.0,95.0,3.0,No,80.0,Good
S2730,90.0,80.0,95.0,3.0,No,61.0,At-Risk
S2732,90.0,40.0,95.0,3.0,No,61.0,Good
S2733,80.0,40.0,95.0,5.0,No,61.0,Good
S2737,90.0,62.0,95.0,3.0,Yes,61.0,At-Risk
S2738,80.0,62.0,95.0,10.0,No,80.0,Good
S2740,90.0,54.0,95.0,9.0,No,80.0,Average
S2743,80.0,62.0,95.0,5.0,Yes,61.0,Good
S2745,80.0,62.0,95.0,4.0,Yes,61.0,Good
S2749,90.0,62.0,95.0,8.0,Yes,80.0,Good
S2751,90.0,76.0,95.0,7.0,Yes,61.0,At-Risk
S2753,90.0,86.0,95.0,3.0,No,61.0,At-Risk
S2754,90.0,48.0,95.0,3.0,Yes,60.0,At-Risk
S2756,90.0,80.0,95.0,3.0,Yes,80.0,At-Risk
S2757,90.0,80.0,95.0,3.0,No,44.0,At-Risk
S2759,90.0,80.0,95.0,3.0,No,80.0,Good
S2761,90.0,62.0,95.0,3.0,No,76.0,Good
S2762,80.0,65.0,95.0,3.0,Yes,61.0,At-Risk
S2766,90.0,62.0,95.0,3.0,Yes,52.0,Good
S2767,90.0,80.0,95.0,3.0,Yes,61.0,Average
S2769,90.0,62.0,95.0,7.0,Yes,61.0,Average
S2772,80.0,65.0,95.0,3.0,Yes,80.0,Average
S2775,90.0,80.0,95.0,2.0,Yes,80.0,Good
S2777,90.0,80.0,95.0,3.0,Yes,61.0,Average
S2778,90.0,62.0,95.0,5.0,Yes,80.0,At-Risk
S2780,84.0,61.0,95.0,7.0,Yes,34.0,Average
S2782,90.0,62.0,95.0,1.0,Yes,80.0,Good
S2786,90.0,62.0,95.0,6.0,Yes,80.0,At-Risk
S2787,90.0,62.0,95.0,9.0,Yes,91.0,Good
S2791,90.0,62.0,95.0,3.0,Yes,80.0,Good
S2797,90.0,62.0,95.0,10.0,Yes,80.0,Good
S2799,90.0,62.0,95.0,3.0,Yes,61.0,At-Risk
S2800,90.0,87.0,95.0,3.0,Yes,61.0,At-Risk
S2804,80.0,73.0,95.0,3.0,Yes,80.0,Good
S2806,90.0,57.0,95.0,1.0,Yes,80.0,At-Risk
S2810,90.0,94.0,95.0,3.0,Yes,80.0,Good
S2813,80.0,73.0,95.0,3.0,Yes,61.0,At-Risk
S2814,90.0,76.0,95.0,3.0,Yes,80.0,Average
S2815,90.0,67.0,95.0,3.0,Yes,61.0,Good
S2819,90.0,62.0,95.0,5.0,No,80.0,At-Risk
S2821,90.0,70.0,95.0,5.0,Yes,83.0,At-Risk
S2823,88.0,80.0,95.0,3.0,No,80.0,Good
S2826,80.0,51.0,95.0,8.0,Yes,80.0,Average
S2827,90.0,63.0,95.0,3.0,Yes,61.0,Good
S2828,90.0,80.0,95.0,8.0,Yes,80.0,Average
S2830,90.0,92.0,95.0,6.0,Yes,61.0,Good
S2831,90.0,80.0,95.0,9.0,Yes,80.0,At-Risk
S2832,90.0,62.0,95.0,3.0,No,61.0,At-Risk
S2835,90.0,62.0,95.0,6.0,Yes,75.0,At-Risk
S2836,90.0,62.0,95.0,5.0,Yes,61.0,At-Risk
S2837,90.0,62.0,95.0,3.0,No,62.0,At-Risk
S2840,85.0,80.0,95.0,2.0,Yes,32.5,Average
S2845,90.0,80.0,95.0,3.0,No,62.0,Good
S2846,80.0,87.0,95.0,1.0,Yes,61.0,Average
S2847,90.0,62.0,95.0,4.0,Yes,61.0,Good
S2849,90.0,67.0,95.0,3.0,Yes,61.0,Good
S2852,90.0,62.0,95.0,6.0,Yes,61.0,At-Risk
S2853,95.0,62.0,95.0,2.0,Yes,72.0,At-Risk
S2854,90.0,35.0,95.0,3.0,Yes,61.0,Good
S2855,90.0,53.0,95.0,3.0,Yes,40.0,Good
S2858,90.0,50.0,95.0,5.0,Yes,78.0,At-Risk
S2859,90.0,41.0,95.0,3.0,Yes,61.0,At-Risk
S2861,90.0,80.0,95.0,3.0,No,61.0,Good
S2862,90.0,87.0,95.0,5.0,No,80.0,Good
S2863,89.0,82.0,95.0,3.0,Yes,61.0,At-Risk
S2865,90.0,80.0,95.0,3.0,No,87.0,Average
S2878,90.0,57.0,95.0,5.0,Yes,50.0,Average
S2879,90.0,80.0,95.0,3.0,Yes,63.0,Average
S2883,90.0,67.0,95.0,3.0,Yes,80.0,Good
S2886,94.0,80.0,95.0,3.0,No,71.0,Average
S2888,80.0,62.0,95.0,6.0,No,61.0,Good
S2890,90.0,80.0,95.0,3.0,Yes,61.0,Good
S2891,90.0,65.0,95.0,6.0,Yes,42.0,At-Risk
S2893,90.0,80.0,95.0,9.0,Yes,61.0,At-Risk
S2894,90.0,62.0,95.0,3.0,No,61.0,Average
S2896,95.0,80.0,95.0,3.0,No,61.0,Good
S2905,90.0,88.0,95.0,1.0,Yes,61.0,At-Risk
S2908,90.0,80.0,95.0,3.0,Yes,80.0,At-Risk
S2912,90.0,62.0,95.0,3.0,Yes,80.0,Average
S2915,87.0,94.0,95.0,1.0,Yes,80.0,Average
S2916,90.0,80.0,95.0,8.0,Yes,61.0,At-Risk
S2920,90.0,50.0,95.0,3.0,Yes,80.0,Good
S2922,90.0,80.0,95.0,3.0,Yes,61.0,Average
S2929,90.0,80.0,95.0,3.0,No,61.0,Good
S2931,90.0,80.0,95.0,10.0,No,61.0,At-Risk
S2932,90.0,62.0,95.0,7.0,Yes,61.0,Average
S2933,90.0,46.0,95.0,10.0,No,80.0,Good
S2935,80.0,53.0,95.0,8.0,Yes,80.0,At-Risk
S2939,90.0,62.0,95.0,3.0,No,81.0,Average
S2941,90.0,62.0,95.0,3.0,Yes,58.0,Average
S2944,90.0,80.0,95.0,4.0,Yes,87.0,At-Risk
S2946,80.0,80.0,95.0,2.0,Yes,61.0,Good
S2949,80.0,43.0,95.0,3.0,No,80.0,Good
S2951,90.0,71.0,95.0,3.0,Yes,56.0,At-Risk
S2952,90.0,62.0,95.0,5.0,No,61.0,Good
S2955,90.0,62.0,95.0,3.0,Yes,46.0,Good
S2959,90.0,49.0,95.0,3.0,Yes,80.0,Average
S2960,90.0,62.0,95.0,4.0,Yes,80.0,Average
S2962,90.0,44.0,95.0,3.0,No,61.0,Average
S2964,90.0,62.0,95.0,8.0,Yes,61.0,Average
S2966,90.0,62.0,95.0,5.0,No,61.0,At-Risk
S2971,90.0,62.0,95.0,3.0,Yes,67.0,Average
S2972,80.0,80.0,95.0,3.0,Yes,72.0,Average
S2977,90.0,62.0,95.0,3.0,Yes,80.0,At-Risk
S2978,96.0,62.0,95.0,9.0,No,80.0,Good
S2982,90.0,83.0,95.0,3.0,No,32.5,Average
S2986,92.0,49.0,95.0,3.0,Yes,77.0,At-Risk
S2987,80.0,62.0,95.0,8.0,Yes,90.0,At-Risk
S2988,90.0,62.0,95.0,10.0,Yes,61.0,At-Risk
S2992,90.0,62.0,95.0,4.0,Yes,61.0,Average
S2995,80.0,57.0,95.0,3.0,Yes,61.0,At-Risk
S2996,90.0,78.0,95.0,3.0,Yes,80.0,At-Risk
S2998,90.0,80.0,95.0,3.0,Yes,61.0,At-Risk
S3001,90.0,80.0,95.0,3.0,Yes,58.0,Good
S3002,90.0,80.0,95.0,2.0,Yes,61.0,Good
S3003,90.0,47.0,95.0,1.0,Yes,94.0,Good
S3004,90.0,62.0,95.0,10.0,Yes,80.0,Good
S3005,90.0,80.0,95.0,3.0,Yes,61.0,At-Risk
S3006,92.0,62.0,95.0,10.0,Yes,61.0,Good
S3007,80.0,80.0,95.0,3.0,Yes,50.0,Good
S3008,80.0,35.0,95.0,3.0,Yes,61.0,Good
S3009,90.0,80.0,95.0,10.0,Yes,89.0,Good
S3010,80.0,62.0,95.0,3.0,No,80.0,At-Risk
S3012,95.0,35.0,95.0,9.0,Yes,61.0,At-Risk
S3013,90.0,80.0,95.0,3.0,Yes,80.0,Good
S3016,80.0,80.0,95.0,3.0,Yes,80.0,Average
S3020,90.0,62.0,95.0,6.0,Yes,61.0,At-Risk
S3021,83.0,62.0,95.0,5.0,No,61.0,At-Risk
S3022,90.0,62.0,95.0,4.0,Yes,61.0,Average
S3023,80.0,46.0,95.0,5.0,Yes,54.0,Good
S3024,90.0,82.0,95.0,3.0,Yes,61.0,Good
S3025,90.0,77.0,95.0,6.0,Yes,65.0,Good
S3033,90.0,62.0,95.0,5.0,Yes,40.0,Good
S3034,90.0,76.0,95.0,3.0,Yes,61.0,Good
S3037,80.0,62.0,95.0,9.0,No,68.0,At-Risk
S3039,90.0,80.0,95.0,3.0,Yes,61.0,Good
S3042,90.0,57.0,95.0,3.0,No,81.0,Average
S3043,90.0,62.0,95.0,3.0,No,61.0,Good
S3045,90.0,86.0,95.0,3.0,No,61.0,At-Risk
S3046,90.0,62.0,95.0,3.0,Yes,61.0,Good
S3048,90.0,62.0,95.0,9.0,No,90.0,Average
S3050,90.0,71.0,95.0,3.0,Yes,34.0,Good
S3052,90.0,80.0,95.0,3.0,Yes,61.0,Average
S3053,80.0,81.0,95.0,3.0,Yes,61.0,Good
S3055,90.0,80.0,95.0,3.0,No,34.0,Average
S3059,93.0,55.0,95.0,10.0,Yes,61.0,Good
S3060,80.0,60.0,95.0,4.0,Yes,63.0,Good
S3061,90.0,80.0,95.0,3.0,Yes,42.0,At-Risk
S3063,85.0,80.0,95.0,4.0,No,72.0,At-Risk
S3064,80.0,62.0,95.0,6.0,No,80.0,Good
S3065,90.0,80.0,95.0,1.0,No,59.0,At-Risk
S3067,90.0,80.0,95.0,3.0,Yes,80.0,At-Risk
S3069,80.0,79.0,95.0,3.0,No,61.0,Good
S3075,80.0,62.0,95.0,3.0,No,80.0,Average
S3077,90.0,78.0,95.0,3.0,No,61.0,Good
S3079,90.0,64.0,95.0,1.0,No,61.0,Good
S3080,89.0,56.0,95.0,3.0,Yes,66.0,At-Risk
S3082,80.0,55.0,95.0,9.0,Yes,80.0,Average
S3083,80.0,92.0,95.0,10.0,Yes,80.0,Good
S3086,80.0,80.0,95.0,6.0,Yes,61.0,At-Risk
S3089,90.0,37.0,95.0,3.0,Yes,61.0,Good
S3092,90.0,62.0,95.0,3.0,Yes,57.0,Good
S3093,80.0,95.0,95.0,3.0,Yes,59.0,Good
S3094,90.0,62.0,95.0,5.0,Yes,80.0,Good
S3098,90.0,82.0,95.0,3.0,No,80.0,Average
S3099,90.0,80.0,95.0,3.0,No,61.0,Good
S3101,90.0,80.0,95.0,3.0,Yes,61.0,Good
S3103,80.0,62.0,95.0,3.0,Yes,62.0,At-Risk
S3107,90.0,62.0,95.0,3.0,No,80.0,At-Risk
S3109,90.0,62.0,95.0,4.0,No,80.0,Average
S3113,80.0,80.0,95.0,5.0,Yes,61.0,Good
S3117,80.0,62.0,95.0,3.0,Yes,61.0,Average
S3121,90.0,75.0,95.0,3.0,Yes,61.0,Good
S3123,90.0,46.0,95.0,9.0,Yes,61.0,Good
S3126,90.0,62.0,95.0,3.0,Yes,61.0,At-Risk
S3127,82.0,60.0,95.0,7.0,Yes,47.0,At-Risk
S3129,90.0,62.0,95.0,3.0,Yes,80.0,Good
S3131,80.0,80.0,95.0,10.0,Yes,38.0,Good
S3132,90.0,41.0,95.0,3.0,Yes,85.0,Good
S3134,80.0,62.0,95.0,3.0,Yes,80.0,Average
S3138,90.0,49.0,95.0,6.0,No,80.0,Average
S3141,90.0,62.0,95.0,3.0,No,62.0,Average
S3142,90.0,71.0,95.0,7.0,No,80.0,Good
S3143,90.0,62.0,95.0,5.0,Yes,61.0,Good
S3144,90.0,35.0,95.0,3.0,Yes,80.0,Average
S3145,90.0,80.0,95.0,3.0,Yes,61.0,Average
S3154,90.0,62.0,95.0,3.0,Yes,84.0,Average
S3157,90.0,62.0,95.0,7.0,Yes,61.0,Good
S3158,91.0,80.0,95.0,7.0,No,80.0,Good
S3162,90.0,62.0,95.0,5.0,No,61.0,Good
S3168,80.0,80.0,95.0,3.0,Yes,80.0,At-Risk
S3170,90.0,58.0,95.0,3.0,Yes,61.0,Average
S3173,96.0,62.0,95.0,2.0,No,80.0,At-Risk
S3176,90.0,62.0,95.0,1.0,Yes,89.0,Good
S3178,90.0,59.0,95.0,3.0,Yes,80.0,Average
S3180,80.0,41.0,95.0,10.0,Yes,61.0,Average
S3182,90.0,35.0,95.0,3.0,Yes,80.0,Average
S3187,90.0,62.0,95.0,2.0,No,80.0,Good
S3192,90.0,80.0,95.0,3.0,Yes,80.0,Good
S3193,90.0,80.0,95.0,3.0,Yes,45.0,At-Risk
S3195,90.0,80.0,95.0,7.0,Yes,61.0,At-Risk
S3196,90.0,61.0,95.0,8.0,Yes,61.0,At-Risk
S3197,80.0,62.0,95.0,8.0,Yes,80.0,Good
S3199,80.0,62.0,95.0,9.0,Yes,57.0,Good
S3205,80.0,62.0,95.0,3.0,Yes,84.0,Good
S3207,90.0,80.0,95.0,4.0,Yes,61.0,At-Risk
S3209,90.0,80.0,95.0,9.0,No,80.0,At-Risk
S3210,90.0,62.0,95.0,7.0,No,80.0,Average
S3212,90.0,80.0,95.0,3.0,Yes,80.0,Average
S3213,90.0,80.0,95.0,5.0,Yes,61.0,Good
S3218,90.0,80.0,95.0,3.0,Yes,61.0,Good
S3230,90.0,80.0,95.0,3.0,Yes,80.0,Average
S3233,90.0,58.0,95.0,6.0,Yes,80.0,Good
S3235,90.0,80.0,95.0,2.0,No,53.0,Average
S3238,90.0,45.0,95.0,9.0,Yes,61.0,Good
S3240,80.0,93.0,95.0,3.0,Yes,80.0,Good
S3242,90.0,80.0,95.0,4.0,Yes,67.0,Good
S3244,90.0,57.0,95.0,3.0,Yes,61.0,Average
S3245,80.0,80.0,95.0,3.0,No,61.0,At-Risk
S3247,80.0,80.0,95.0,3.0,Yes,61.0,Good
S3248,90.0,62.0,95.0,1.0,No,47.0,Good
S3252,80.0,62.0,95.0,3.0,Yes,68.0,Good
S3264,80.0,62.0,95.0,4.0,Yes,80.0,At-Risk
S3269,80.0,70.0,95.0,5.0,Yes,61.0,Average
S3270,89.0,80.0,95.0,3.0,Yes,80.0,At-Risk
S3273,90.0,80.0,95.0,5.0,Yes,80.0,At-Risk
S3276,90.0,80.0,95.0,7.0,No,80.0,Good
S3280,90.0,62.0,95.0,3.0,Yes,81.0,Good
S3282,94.0,90.0,95.0,3.0,No,95.0,At-Risk
S3283,90.0,80.0,95.0,5.0,Yes,65.0,Good
S3285,90.0,80.0,95.0,8.0,No,61.0,Average
S3290,90.0,80.0,95.0,8.0,Yes,61.0,At-Risk
S3291,90.0,80.0,95.0,3.0,Yes,80.0,Good
S3294,90.0,80.0,95.0,3.0,Yes,80.0,Good
S3298,80.0,82.0,95.0,3.0,Yes,61.0,At-Risk
S3301,90.0,80.0,95.0,10.0,No,80.0,Good
S3304,80.0,80.0,95.0,4.0,No,80.0,At-Risk
S3305,80.0,87.0,95.0,4.0,No,80.0,Good
S3308,90.0,62.0,95.0,3.0,Yes,61.0,Average
S3314,90.0,62.0,95.0,3.0,Yes,38.0,Average
S3316,90.0,80.0,95.0,3.0,Yes,58.0,Average
S3319,90.0,62.0,95.0,6.0,No,32.5,At-Risk
S3322,80.0,80.0,95.0,3.0,No,61.0,Good
S3323,90.0,62.0,95.0,3.0,Yes,38.0,Good
S3324,90.0,80.0,95.0,3.0,Yes,92.0,At-Risk
S3326,90.0,93.0,95.0,3.0,No,61.0,At-Risk
S3328,90.0,93.0,95.0,3.0,No,93.0,Average
S3330,80.0,62.0,95.0,2.0,Yes,73.0,Good
S3337,90.0,88.0,95.0,3.0,No,37.0,Good
S3338,90.0,80.0,95.0,3.0,No,80.0,Good
S3339,90.0,55.0,95.0,2.0,Yes,87.0,Good
S3341,90.0,62.0,95.0,3.0,Yes,80.0,Average
S3347,90.0,36.0,95.0,3.0,Yes,90.0,Good
S3351,90.0,62.0,95.0,5.0,Yes,65.0,At-Risk
S3355,90.0,80.0,95.0,3.0,Yes,41.0,Average
S3356,80.0,62.0,95.0,3.0,Yes,89.0,Good
S3358,80.0,80.0,95.0,3.0,No,61.0,Average
S3361,90.0,80.0,95.0,3.0,Yes,80.0,Good
S3363,90.0,80.0,95.0,7.0,Yes,90.0,At-Risk
S3367,90.0,80.0,95.0,3.0,Yes,61.0,Good
S3370,80.0,62.0,95.0,3.0,Yes,61.0,Good
S3371,90.0,41.0,95.0,3.0,No,80.0,At-Risk
S3373,82.0,80.0,95.0,1.0,Yes,44.0,At-Risk
S3376,90.0,62.0,95.0,8.0,Yes,61.0,Good
S3377,91.0,62.0,95.0,3.0,No,61.0,Good
S3380,80.0,80.0,95.0,3.0,Yes,80.0,Good
S3381,90.0,53.0,95.0,3.0,No,61.0,Good
S3383,90.0,62.0,95.0,3.0,Yes,57.0,At-Risk
S3384,90.0,50.0,95.0,3.0,No,80.0,At-Risk
S3385,94.0,62.0,95.0,3.0,Yes,61.0,Good
S3386,90.0,62.0,95.0,3.0,Yes,52.0,Average
S3387,90.0,61.0,95.0,3.0,Yes,45.0,Average
S3388,90.0,62.0,95.0,1.0,Yes,61.0,At-Risk
S3390,90.0,84.0,95.0,3.0,Yes,61.0,Average
S3393,85.0,62.0,95.0,5.0,Yes,80.0,Average
S3397,80.0,62.0,95.0,3.0,No,80.0,Good
S3398,90.0,62.0,95.0,1.0,No,33.0,Good
S3404,90.0,62.0,95.0,10.0,No,80.0,Good
S3406,87.0,80.0,95.0,9.0,Yes,61.0,Good
S3407,90.0,80.0,95.0,3.0,Yes,80.0,Good
S3408,90.0,78.0,95.0,10.0,No,61.0,Good
S3412,90.0,62.0,95.0,8.0,Yes,80.0,Good
S3413,81.0,45.0,95.0,9.0,Yes,61.0,At-Risk
S3414,90.0,62.0,95.0,3.0,Yes,80.0,Average
S3415,80.0,72.0,95.0,3.0,Yes,49.0,At-Risk
S3416,90.0,80.0,95.0,3.0,No,80.0,Good
S3417,90.0,90.0,95.0,8.0,Yes,81.0,Average
S3419,90.0,62.0,95.0,3.0,No,80.0,Average
S3420,90.0,35.0,95.0,6.0,Yes,56.0,Average
S3425,90.0,80.0,95.0,3.0,Yes,82.0,At-Risk
S3426,90.0,62.0,95.0,10.0,No,61.0,Good
S3427,80.0,80.0,95.0,10.0,Yes,57.0,Average
S3428,90.0,62.0,95.0,7.0,Yes,61.0,At-Risk
S3429,90.0,80.0,95.0,3.0,No,80.0,Average
S3431,96.0,62.0,95.0,10.0,Yes,60.0,Average
S3433,90.0,36.0,95.0,8.0,Yes,61.0,Good
S3435,90.0,61.0,95.0,3.0,Yes,94.0,Average
S3442,90.0,62.0,95.0,4.0,Yes,87.0,At-Risk
S3443,80.0,62.0,95.0,4.0,Yes,61.0,Good
S3448,80.0,62.0,95.0,6.0,Yes,80.0,Average
S3453,80.0,62.0,95.0,6.0,Yes,61.0,At-Risk
S3454,90.0,80.0,95.0,1.0,No,94.0,Average
S3455,90.0,62.0,95.0,3.0,Yes,80.0,Good
S3457,90.0,44.0,95.0,3.0,Yes,61.0,Good
S3461,82.0,62.0,95.0,3.0,Yes,36.0,Average
S3463,90.0,80.0,95.0,3.0,Yes,80.0,Good
S3464,90.0,89.0,95.0,2.0,No,83.0,At-Risk
S3466,90.0,44.0,95.0,3.0,No,61.0,At-Risk
S3472,90.0,66.0,95.0,3.0,Yes,32.5,Good
S3474,90.0,80.0,95.0,3.0,No,61.0,Average
S3475,90.0,80.0,95.0,3.0,Yes,80.0,Average
S3476,90.0,62.0,95.0,3.0,Yes,48.0,Good
S3477,90.0,83.0,95.0,3.0,Yes,57.0,At-Risk
S3478,80.0,80.0,95.0,3.0,Yes,80.0,At-Risk
S3479,90.0,80.0,95.0,3.0,No,61.0,Average
S3483,90.0,80.0,95.0,3.0,Yes,80.0,At-Risk
S3485,90.0,62.0,95.0,8.0,Yes,61.0,At-Risk
S3486,80.0,62.0,95.0,3.0,Yes,80.0,Average
S3488,80.0,62.0,95.0,3.0,Yes,61.0,Good
S3489,90.0,80.0,95.0,3.0,Yes,80.0,Good
S3490,90.0,62.0,95.0,3.0,No,80.0,At-Risk
S3493,90.0,62.0,95.0,10.0,Yes,37.0,Average
S3496,90.0,62.0,95.0,2.0,No,66.0,At-Risk
S3499,90.0,80.0,95.0,1.0,No,80.0,At-Risk
S3503,83.0,62.0,95.0,3.0,Yes,80.0,Good
S3504,90.0,62.0,95.0,7.0,Yes,80.0,At-Risk
S3507,96.0,62.0,95.0,3.0,Yes,61.0,Average
S3508,90.0,62.0,95.0,3.0,Yes,80.0,Good
S3509,90.0,84.0,95.0,3.0,Yes,61.0,At-Risk
S3510,90.0,62.0,95.0,3.0,Yes,80.0,Good
S3511,90.0,49.0,95.0,9.0,No,54.0,Good
S3514,90.0,47.0,95.0,9.0,Yes,80.0,Good
S3515,80.0,62.0,95.0,5.0,Yes,75.0,Average
S3518,90.0,80.0,95.0,9.0,Yes,81.0,At-Risk
S3519,80.0,80.0,95.0,3.0,No,61.0,Average
S3520,80.0,92.0,95.0,3.0,Yes,52.0,Good
S3522,80.0,80.0,95.0,3.0,Yes,61.0,At-Risk
S3525,90.0,39.0,95.0,3.0,Yes,88.0,Good
S3526,90.0,80.0,95.0,3.0,No,61.0,Good
S3527,90.0,80.0,95.0,3.0,Yes,61.0,Good
S3528,84.0,62.0,95.0,3.0,Yes,80.0,At-Risk
S3530,90.0,62.0,95.0,3.0,Yes,54.0,Good
S3534,94.0,80.0,95.0,3.0,Yes,80.0,At-Risk
S3538,80.0,48.0,95.0,5.0,No,89.0,At-Risk
S3546,90.0,80.0,95.0,4.0,Yes,79.0,Average
S3549,90.0,80.0,95.0,3.0,No,49.0,Good
S3552,80.0,80.0,95.0,2.0,Yes,80.0,At-Risk
S3553,90.0,62.0,95.0,5.0,Yes,92.0,Good
S3554,90.0,80.0,95.0,9.0,Yes,80.0,Good
S3558,90.0,80.0,95.0,3.0,Yes,74.0,Good
S3559,90.0,62.0,95.0,1.0,No,80.0,Good
S3562,90.0,80.0,95.0,9.0,Yes,71.0,At-Risk
S3563,80.0,49.0,95.0,3.0,Yes,61.0,Average
S3567,80.0,62.0,95.0,3.0,Yes,73.0,Good
S3569,90.0,80.0,95.0,8.0,Yes,61.0,Good
S3572,80.0,57.0,95.0,3.0,Yes,80.0,Average
S3573,93.0,56.0,95.0,3.0,No,80.0,Good
S3586,82.0,62.0,95.0,3.0,Yes,32.5,Average
S3587,90.0,62.0,95.0,3.0,No,61.0,Good
S3588,90.0,67.0,95.0,10.0,Yes,39.0,At-Risk
S3589,90.0,81.0,95.0,3.0,No,61.0,At-Risk
S3591,90.0,62.0,95.0,1.0,Yes,61.0,Average
S3592,80.0,35.0,95.0,3.0,No,80.0,Average
S3593,80.0,74.0,95.0,3.0,Yes,94.0,Good
S3594,90.0,71.0,95.0,4.0,Yes,36.0,Good
S3597,90.0,67.0,95.0,3.0,Yes,80.0,Good
S3602,93.0,62.0,95.0,3.0,Yes,80.0,At-Risk
S3608,80.0,51.0,95.0,3.0,Yes,80.0,Average
S3609,90.0,80.0,95.0,8.0,Yes,72.0,Good
S3611,90.0,39.0,95.0,8.0,No,61.0,At-Risk
S3613,90.0,80.0,95.0,6.0,Yes,61.0,Good
S3614,80.0,62.0,95.0,3.0,Yes,43.0,Good
S3617,90.0,54.0,95.0,3.0,Yes,93.0,Good
S3620,90.0,62.0,95.0,3.0,No,80.0,Average
S3622,92.0,62.0,95.0,3.0,No,80.0,Good
S3624,90.0,62.0,95.0,3.0,Yes,80.0,At-Risk
S3629,90.0,80.0,95.0,5.0,Yes,74.0,Average
S3630,90.0,56.0,95.0,8.0,Yes,59.0,Average
S3631,90.0,80.0,95.0,2.0,No,77.0,Good
S3632,90.0,69.0,95.0,9.0,Yes,61.0,Good
S3634,80.0,80.0,95.0,3.0,Yes,80.0,Good
S3636,90.0,35.0,95.0,3.0,Yes,61.0,At-Risk
S3637,80.0,80.0,95.0,3.0,No,61.0,At-Risk
S3639,90.0,80.0,95.0,2.0,Yes,61.0,Good
S3640,90.0,80.0,95.0,3.0,Yes,61.0,At-Risk
S3643,80.0,80.0,95.0,8.0,No,61.0,Good
S3644,80.0,80.0,95.0,2.0,Yes,61.0,At-Risk
S3646,80.0,76.0,95.0,3.0,No,80.0,Good
S3650,90.0,80.0,95.0,3.0,Yes,61.0,Average
S3663,86.0,35.0,95.0,3.0,Yes,65.0,Good
S3664,80.0,80.0,95.0,3.0,Yes,32.5,Average
S3665,90.0,49.0,95.0,1.0,Yes,61.0,Good
S3666,90.0,80.0,95.0,4.0,Yes,61.0,At-Risk
S3669,90.0,62.0,95.0,7.0,No,80.0,Good
S3670,90.0,62.0,95.0,7.0,Yes,38.0,Average
S3672,90.0,62.0,95.0,2.0,Yes,61.0,Average
S3674,90.0,62.0,95.0,3.0,Yes,61.0,Good
S3675,90.0,87.0,95.0,3.0,No,87.0,At-Risk
S3676,80.0,62.0,95.0,1.0,Yes,92.0,Good
S3677,90.0,72.0,95.0,10.0,No,80.0,Good
S3681,90.0,62.0,95.0,3.0,Yes,70.0,At-Risk
S3683,90.0,80.0,95.0,1.0,No,67.0,At-Risk
S3684,93.0,62.0,95.0,1.0,Yes,55.0,At-Risk
S3686,90.0,80.0,95.0,1.0,No,32.5,Good
S3687,80.0,62.0,95.0,5.0,Yes,80.0,Average
S3691,80.0,80.0,95.0,3.0,No,80.0,Good
S3692,90.0,62.0,95.0,6.0,Yes,61.0,Good
S3696,90.0,62.0,95.0,3.0,Yes,64.0,At-Risk
S3699,90.0,80.0,95.0,7.0,Yes,61.0,Average
S3702,90.0,88.0,95.0,3.0,No,63.0,Average
S3703,80.0,35.0,95.0,3.0,No,61.0,Good
S3707,90.0,80.0,95.0,3.0,No,80.0,Good
S3708,90.0,62.0,95.0,9.0,No,60.0,Good
S3710,80.0,62.0,95.0,3.0,Yes,80.0,Good
S3711,90.0,80.0,95.0,3.0,Yes,80.0,Good
S3714,87.0,80.0,95.0,3.0,Yes,80.0,Good
S3715,80.0,77.0,95.0,3.0,Yes,85.0,Good
S3717,90.0,80.0,95.0,3.0,Yes,80.0,Good
S3718,90.0,62.0,95.0,3.0,Yes,80.0,Average
S3725,80.0,62.0,95.0,3.0,Yes,80.0,Good
S3726,80.0,62.0,95.0,3.0,Yes,80.0,Average
S3727,80.0,53.0,95.0,9.0,Yes,50.0,At-Risk
S3734,90.0,80.0,95.0,4.0,No,80.0,At-Risk
S3735,90.0,80.0,95.0,2.0,Yes,61.0,At-Risk
S3739,94.0,62.0,95.0,8.0,Yes,95.0,At-Risk
S3740,90.0,80.0,95.0,7.0,Yes,80.0,At-Risk
S3741,80.0,80.0,95.0,7.0,No,88.0,Average
S3742,80.0,75.0,95.0,9.0,No,45.0,Average
S3744,90.0,36.0,95.0,3.0,No,80.0,Good
S3747,90.0,85.0,95.0,3.0,Yes,80.0,Good
S3749,90.0,87.0,95.0,1.0,No,61.0,Average
S3750,80.0,62.0,95.0,3.0,Yes,61.0,At-Risk
S3752,96.0,62.0,95.0,3.0,Yes,80.0,At-Risk
S3760,90.0,80.0,95.0,3.0,Yes,61.0,Good
S3761,90.0,80.0,95.0,3.0,Yes,80.0,At-Risk
S3763,90.0,80.0,95.0,3.0,Yes,61.0,Good
S3764,90.0,80.0,95.0,6.0,Yes,61.0,Good
S3765,90.0,35.0,95.0,3.0,Yes,92.0,Average
S3768,90.0,80.0,95.0,8.0,No,61.0,Average
S3770,90.0,69.0,95.0,3.0,Yes,61.0,Average
S3774,90.0,80.0,95.0,3.0,Yes,58.0,Average
S3775,80.0,35.0,95.0,6.0,No,51.0,Good
S3777,90.0,62.0,95.0,7.0,Yes,80.0,At-Risk
S3778,80.0,72.0,95.0,3.0,Yes,86.0,At-Risk
S3779,90.0,35.0,95.0,3.0,Yes,88.0,Average
S3780,90.0,78.0,95.0,3.0,Yes,80.0,Average
S3785,91.0,36.0,95.0,5.0,No,52.0,Good
S3789,90.0,62.0,95.0,4.0,No,62.0,At-Risk
S3790,90.0,80.0,95.0,9.0,Yes,80.0,At-Risk
S3792,90.0,80.0,95.0,7.0,Yes,80.0,Good
S3796,90.0,62.0,95.0,3.0,No,61.0,At-Risk
S3805,90.0,62.0,95.0,3.0,No,70.0,Average
S3808,90.0,80.0,95.0,8.0,No,61.0,Good
S3812,90.0,42.0,95.0,6.0,Yes,61.0,Average
S3819,80.0,62.0,95.0,3.0,No,61.0,At-Risk
S3820,90.0,35.0,95.0,3.0,Yes,61.0,Average
S3824,90.0,70.0,95.0,3.0,Yes,64.0,Good
S3829,80.0,83.0,95.0,3.0,Yes,69.0,Average
S3830,80.0,80.0,95.0,5.0,Yes,61.0,At-Risk
S3833,90.0,80.0,95.0,5.0,Yes,80.0,Good
S3837,96.0,80.0,95.0,3.0,No,37.0,Good
S3839,80.0,80.0,95.0,4.0,No,80.0,Average
S3840,90.0,67.0,95.0,3.0,Yes,80.0,Good
S3841,91.0,35.0,95.0,5.0,No,87.0,Average
S3842,80.0,62.0,95.0,3.0,Yes,61.0,At-Risk
S3843,90.0,80.0,95.0,3.0,Yes,64.0,At-Risk
S3844,90.0,95.0,95.0,3.0,Yes,61.0,At-Risk
S3848,90.0,62.0,95.0,3.0,Yes,47.0,Average
S3857,90.0,80.0,95.0,1.0,Yes,80.0,Average
S3858,90.0,62.0,95.0,2.0,No,61.0,Good
S3863,80.0,80.0,95.0,3.0,Yes,61.0,Average
S3872,90.0,62.0,95.0,3.0,Yes,80.0,Good
S3873,90.0,80.0,95.0,5.0,Yes,80.0,Average
S3875,90.0,83.0,95.0,2.0,Yes,61.0,Average
S3876,90.0,62.0,95.0,3.0,Yes,61.0,At-Risk
S3878,90.0,36.0,95.0,2.0,Yes,80.0,At-Risk
S3880,90.0,80.0,95.0,3.0,No,75.0,Good
S3883,80.0,62.0,95.0,3.0,No,34.0,At-Risk
S3885,90.0,62.0,95.0,3.0,No,58.0,Average
S3886,90.0,80.0,95.0,4.0,Yes,61.0,At-Risk
S3887,90.0,80.0,95.0,3.0,No,75.0,Good
S3888,90.0,80.0,95.0,3.0,Yes,80.0,Average
S3889,90.0,80.0,95.0,3.0,Yes,62.0,At-Risk
S3890,90.0,62.0,95.0,3.0,Yes,61.0,Average
S3898,90.0,80.0,95.0,3.0,Yes,61.0,Good
S3899,94.0,62.0,95.0,10.0,No,80.0,At-Risk
S3904,90.0,35.0,95.0,3.0,Yes,61.0,Good
S3905,96.0,80.0,95.0,6.0,Yes,61.0,Good
S3909,80.0,80.0,95.0,5.0,Yes,80.0,At-Risk
S3910,90.0,62.0,95.0,3.0,No,80.0,Good
S3911,96.0,80.0,95.0,3.0,No,80.0,Good
S3912,90.0,62.0,95.0,3.0,No,80.0,At-Risk
S3916,80.0,62.0,95.0,3.0,Yes,91.0,At-Risk
S3920,90.0,42.0,95.0,10.0,Yes,67.0,Good
S3921,90.0,80.0,95.0,3.0,Yes,83.0,At-Risk
S3922,80.0,80.0,95.0,9.0,Yes,61.0,Good
S3923,95.0,80.0,95.0,10.0,Yes,84.0,Good
S3926,90.0,62.0,95.0,3.0,No,52.0,Good
S3928,90.0,62.0,95.0,3.0,No,61.0,At-Risk
S3930,90.0,62.0,95.0,10.0,Yes,61.0,At-Risk
S3932,80.0,47.0,95.0,3.0,Yes,61.0,Average
S3933,90.0,68.0,95.0,3.0,Yes,61.0,Good
S3934,90.0,62.0,95.0,2.0,No,61.0,Good
S3935,90.0,62.0,95.0,5.0,Yes,95.0,Good
S3945,90.0,62.0,95.0,3.0,No,39.0,Average
S3946,80.0,94.0,95.0,3.0,No,80.0,Average
S3949,90.0,62.0,95.0,3.0,Yes,61.0,Average
S3952,90.0,42.0,95.0,3.0,Yes,61.0,Average
S3954,90.0,62.0,95.0,3.0,Yes,61.0,Good
S3971,83.0,62.0,95.0,4.0,No,61.0,Good
S3972,84.0,80.0,95.0,3.0,Yes,61.0,Good
S3973,90.0,62.0,95.0,7.0,No,80.0,Good
S3974,90.0,62.0,95.0,3.0,No,61.0,Good
S3975,80.0,62.0,95.0,4.0,Yes,80.0,Good
S3979,90.0,80.0,95.0,8.0,No,80.0,At-Risk
S3985,80.0,80.0,95.0,5.0,Yes,83.0,At-Risk
S3986,93.0,80.0,95.0,9.0,No,44.0,At-Risk
S3987,90.0,62.0,95.0,6.0,Yes,61.0,At-Risk
S3989,90.0,80.0,95.0,9.0,Yes,84.0,At-Risk
S3990,80.0,80.0,95.0,6.0,No,81.0,Average
S3992,90.0,62.0,95.0,3.0,Yes,85.0,At-Risk
S3993,80.0,80.0,95.0,3.0,Yes,47.0,Good
S3995,90.0,80.0,95.0,3.0,No,80.0,Average
S3997,91.0,62.0,95.0,3.0,Yes,61.0,Good
S3998,90.0,44.0,95.0,8.0,Yes,80.0,Good
S4003,90.0,65.0,95.0,4.0,No,80.0,Average
S4004,90.0,80.0,95.0,3.0,No,80.0,Average
S4011,90.0,38.0,95.0,10.0,Yes,61.0,At-Risk
S4012,90.0,91.0,95.0,3.0,Yes,61.0,Average
S4014,80.0,80.0,95.0,9.0,No,61.0,Good
S4018,90.0,80.0,95.0,7.0,Yes,80.0,Good
S4020,90.0,80.0,95.0,3.0,No,80.0,Good
S4023,90.0,62.0,95.0,3.0,Yes,42.0,Good
S4025,80.0,80.0,95.0,10.0,Yes,80.0,Average
S4026,90.0,62.0,95.0,3.0,Yes,89.0,Average
S4028,80.0,67.0,95.0,3.0,No,80.0,Good
S4031,80.0,80.0,95.0,3.0,No,80.0,At-Risk
S4032,90.0,80.0,95.0,7.0,Yes,80.0,Good
S4033,90.0,80.0,95.0,9.0,No,61.0,Average
S4034,96.0,95.0,95.0,3.0,Yes,80.0,Average
S4039,90.0,80.0,95.0,9.0,Yes,61.0,Good
S4041,80.0,62.0,95.0,3.0,Yes,80.0,Good
S4044,90.0,62.0,95.0,3.0,No,34.0,At-Risk
S4046,80.0,58.0,95.0,6.0,Yes,80.0,Average
S4048,90.0,68.0,95.0,3.0,No,65.0,Good
S4050,85.0,80.0,95.0,10.0,Yes,80.0,At-Risk
S4052,90.0,77.0,95.0,3.0,Yes,61.0,At-Risk
S4053,90.0,62.0,95.0,3.0,Yes,80.0,Average
S4055,90.0,62.0,95.0,3.0,Yes,42.0,Average
S4061,90.0,36.0,95.0,5.0,Yes,80.0,At-Risk
S4062,90.0,80.0,95.0,4.0,Yes,61.0,Good
S4064,90.0,41.0,95.0,3.0,Yes,61.0,Good
S4068,90.0,80.0,95.0,3.0,Yes,61.0,At-Risk
S4070,90.0,81.0,95.0,7.0,Yes,62.0,Good
S4075,90.0,62.0,95.0,3.0,Yes,59.0,Good
S4076,96.0,80.0,95.0,3.0,Yes,80.0,Average
S4077,90.0,80.0,95.0,5.0,Yes,80.0,Good
S4080,91.0,80.0,95.0,3.0,Yes,46.0,Good
S4081,90.0,80.0,95.0,4.0,Yes,61.0,Good
S4082,90.0,80.0,95.0,8.0,Yes,61.0,Good
S4083,90.0,80.0,95.0,3.0,No,92.0,Average
S4085,80.0,80.0,95.0,9.0,Yes,80.0,Average
S4087,80.0,62.0,95.0,1.0,No,76.0,Average
S4090,90.0,80.0,95.0,7.0,Yes,80.0,At-Risk
S4094,90.0,62.0,95.0,10.0,No,32.5,Average
S4098,90.0,62.0,95.0,3.0,No,80.0,Average
S4103,90.0,80.0,95.0,3.0,No,80.0,Good
S4106,90.0,80.0,95.0,3.0,Yes,89.0,Good
S4109,90.0,80.0,95.0,3.0,Yes,80.0,At-Risk
S4110,90.0,75.0,95.0,3.0,Yes,61.0,At-Risk
S4120,80.0,80.0,95.0,9.0,No,61.0,Good
S4122,80.0,80.0,95.0,3.0,No,80.0,Good
S4124,90.0,80.0,95.0,5.0,Yes,61.0,Average
S4127,84.0,62.0,95.0,3.0,No,61.0,Good
S4128,90.0,80.0,95.0,3.0,Yes,61.0,Average
S4134,80.0,80.0,95.0,3.0,No,61.0,Good
S4136,90.0,80.0,95.0,9.0,Yes,61.0,At-Risk
S4138,90.0,85.0,95.0,3.0,No,80.0,At-Risk
S4141,80.0,62.0,95.0,4.0,Yes,80.0,Good
S4142,80.0,55.0,95.0,3.0,Yes,80.0,At-Risk
S4145,90.0,85.0,95.0,2.0,Yes,37.0,At-Risk
S4146,95.0,62.0,95.0,3.0,No,80.0,At-Risk
S4148,86.0,62.0,95.0,3.0,No,61.0,At-Risk
S4149,80.0,62.0,95.0,1.0,No,80.0,Average
S4150,90.0,62.0,95.0,7.0,Yes,94.0,Average
S4155,90.0,62.0,95.0,3.0,No,61.0,At-Risk
S4157,89.0,62.0,95.0,8.0,Yes,72.0,At-Risk
S4158,90.0,80.0,95.0,3.0,Yes,80.0,Average
S4162,90.0,80.0,95.0,3.0,No,69.0,Good
S4167,90.0,70.0,95.0,5.0,Yes,61.0,Good
S4168,90.0,80.0,95.0,9.0,Yes,80.0,Good
S4169,90.0,80.0,95.0,2.0,Yes,80.0,At-Risk
S4170,90.0,82.0,95.0,3.0,No,61.0,At-Risk
S4174,90.0,92.0,95.0,3.0,Yes,80.0,At-Risk
S4177,90.0,45.0,95.0,3.0,No,57.0,Good
S4178,90.0,62.0,95.0,3.0,Yes,80.0,Good
S4182,90.0,35.0,95.0,3.0,Yes,47.0,Average
S4183,90.0,75.0,95.0,5.0,Yes,54.0,Good
S4187,88.0,62.0,95.0,3.0,No,80.0,Good
S4188,91.0,71.0,95.0,9.0,Yes,61.0,Good
S4191,80.0,56.0,95.0,3.0,Yes,61.0,Average
S4192,90.0,90.0,95.0,1.0,No,80.0,At-Risk
S4195,90.0,80.0,95.0,3.0,No,61.0,Average
S4197,96.0,62.0,95.0,3.0,No,61.0,Good
S4198,90.0,62.0,95.0,3.0,Yes,61.0,At-Risk
S4200,90.0,62.0,95.0,10.0,No,85.0,Average
S4201,90.0,62.0,95.0,1.0,Yes,81.0,Average
S4202,82.0,62.0,95.0,3.0,No,80.0,Good
S4203,90.0,80.0,95.0,4.0,Yes,61.0,Average
S4210,90.0,71.0,95.0,3.0,Yes,61.0,Average
S4211,80.0,51.0,95.0,3.0,Yes,61.0,Average
S4212,80.0,68.0,95.0,3.0,Yes,86.0,At-Risk
S4213,90.0,66.0,95.0,3.0,Yes,61.0,Good
S4219,90.0,86.0,95.0,3.0,No,80.0,Good
S4222,90.0,67.0,95.0,7.0,Yes,80.0,Average
S4224,90.0,80.0,95.0,3.0,Yes,61.0,Good
S4226,90.0,62.0,95.0,3.0,No,80.0,Good
S4229,80.0,62.0,95.0,8.0,Yes,41.0,Average
S4231,80.0,62.0,95.0,3.0,Yes,80.0,Good
S4232,90.0,72.0,95.0,3.0,Yes,61.0,Good
S4238,80.0,49.0,95.0,3.0,Yes,91.0,Average
S4242,90.0,62.0,95.0,3.0,Yes,47.0,Average
S4248,90.0,36.0,95.0,5.0,Yes,81.0,Good
S4250,90.0,73.0,95.0,9.0,Yes,35.0,At-Risk
S4252,80.0,62.0,95.0,3.0,Yes,85.0,At-Risk
S4255,90.0,80.0,95.0,8.0,Yes,80.0,At-Risk
S4257,89.0,73.0,95.0,3.0,No,80.0,Good
S4258,80.0,80.0,95.0,6.0,Yes,90.0,Good
S4260,90.0,62.0,95.0,3.0,Yes,80.0,At-Risk
S4263,80.0,80.0,95.0,4.0,No,61.0,Average
S4267,90.0,71.0,95.0,3.0,Yes,61.0,Good
S4270,80.0,80.0,95.0,3.0,Yes,35.0,Average
S4271,90.0,62.0,95.0,4.0,Yes,61.0,At-Risk
S4273,91.0,62.0,95.0,3.0,Yes,61.0,Good
S4278,90.0,80.0,95.0,3.0,Yes,61.0,Good
S4279,90.0,80.0,95.0,6.0,Yes,61.0,Average
S4285,80.0,62.0,95.0,3.0,Yes,80.0,Average
S4288,90.0,62.0,95.0,3.0,Yes,80.0,Good
S4290,90.0,80.0,95.0,5.0,Yes,61.0,Good
S4291,90.0,62.0,95.0,3.0,No,83.0,At-Risk
S4292,90.0,62.0,95.0,3.0,Yes,80.0,Average
S4293,90.0,41.0,95.0,2.0,No,61.0,At-Risk
S4301,90.0,80.0,95.0,6.0,Yes,45.0,At-Risk
S4302,90.0,62.0,95.0,3.0,Yes,33.0,Average
S4311,80.0,62.0,95.0,3.0,No,61.0,At-Risk
S4312,90.0,62.0,95.0,3.0,Yes,61.0,Good
S4316,80.0,62.0,95.0,3.0,Yes,61.0,Good
S4317,90.0,80.0,95.0,3.0,Yes,87.0,Average
S4319,90.0,62.0,95.0,3.0,Yes,61.0,Average
S4320,91.0,80.0,95.0,3.0,No,61.0,At-Risk
S4323,90.0,80.0,95.0,4.0,Yes,83.0,At-Risk
S4326,90.0,89.0,95.0,9.0,No,61.0,Good
S4327,90.0,35.0,95.0,3.0,No,80.0,Good
S4330,80.0,62.0,95.0,9.0,No,61.0,Good
S4331,90.0,80.0,95.0,7.0,Yes,82.0,Good
S4332,90.0,62.0,95.0,3.0,Yes,61.0,At-Risk
S4334,90.0,67.0,95.0,3.0,Yes,80.0,At-Risk
S4336,90.0,80.0,95.0,3.0,Yes,61.0,Good
S4337,80.0,80.0,95.0,10.0,Yes,80.0,At-Risk
S4342,80.0,62.0,95.0,3.0,Yes,80.0,Good
S4345,90.0,65.0,95.0,3.0,No,61.0,At-Risk
S4346,80.0,80.0,95.0,3.0,Yes,43.0,Average
S4347,90.0,62.0,95.0,3.0,Yes,91.0,At-Risk
S4350,90.0,38.0,95.0,1.0,Yes,77.0,Good
S4352,90.0,80.0,95.0,3.0,Yes,80.0,Good
S4358,90.0,48.0,95.0,1.0,Yes,80.0,Average
S4364,90.0,93.0,95.0,3.0,No,33.0,Good
S4370,90.0,80.0,95.0,3.0,Yes,80.0,Average
S4378,80.0,55.0,95.0,8.0,Yes,72.0,At-Risk
S4379,90.0,80.0,95.0,3.0,Yes,55.0,At-Risk
S4380,90.0,62.0,95.0,3.0,Yes,78.0,Good
S4381,90.0,89.0,95.0,3.0,Yes,80.0,At-Risk
S4384,90.0,40.0,95.0,3.0,Yes,80.0,Good
S4385,90.0,80.0,95.0,3.0,Yes,61.0,Good
S4386,90.0,53.0,95.0,3.0,Yes,61.0,At-Risk
S4387,96.0,35.0,95.0,3.0,Yes,80.0,Good
S4389,80.0,62.0,95.0,3.0,Yes,80.0,Average
S4392,80.0,60.0,95.0,2.0,Yes,80.0,Average
S4393,90.0,80.0,95.0,3.0,Yes,61.0,At-Risk
S4400,91.0,40.0,95.0,3.0,Yes,61.0,Good
S4401,90.0,62.0,95.0,3.0,No,40.0,At-Risk
S4408,90.0,62.0,95.0,3.0,Yes,61.0,Good
S4412,80.0,62.0,95.0,3.0,Yes,80.0,Good
S4414,80.0,80.0,95.0,3.0,No,80.0,Good
S4415,90.0,62.0,95.0,6.0,Yes,77.0,Good
S4420,90.0,90.0,95.0,3.0,Yes,80.0,At-Risk
S4423,95.0,62.0,95.0,3.0,Yes,80.0,Average
S4426,90.0,50.0,95.0,3.0,No,61.0,Good
S4430,90.0,80.0,95.0,9.0,No,80.0,Average
S4433,80.0,72.0,95.0,3.0,Yes,89.0,At-Risk
S4434,90.0,62.0,95.0,3.0,Yes,61.0,Good
S4435,90.0,80.0,95.0,3.0,No,80.0,At-Risk
S4438,80.0,62.0,95.0,3.0,Yes,80.0,Good
S4439,90.0,87.0,95.0,9.0,No,80.0,Good
S4440,80.0,80.0,95.0,3.0,Yes,61.0,Average
S4441,80.0,62.0,95.0,2.0,No,61.0,At-Risk
S4451,90.0,80.0,95.0,5.0,No,61.0,Average
S4454,80.0,62.0,95.0,1.0,Yes,61.0,Good
S4457,80.0,79.0,95.0,3.0,Yes,57.0,Average
S4459,90.0,95.0,95.0,3.0,Yes,42.0,Average
S4460,90.0,62.0,95.0,5.0,Yes,61.0,Average
S4462,90.0,80.0,95.0,4.0,Yes,80.0,Average
S4463,90.0,36.0,95.0,3.0,No,61.0,At-Risk
S4464,90.0,35.0,95.0,9.0,Yes,61.0,Average
S4467,80.0,80.0,95.0,3.0,No,61.0,At-Risk
S4469,90.0,58.0,95.0,5.0,Yes,63.0,Good
S4474,90.0,62.0,95.0,7.0,Yes,80.0,Good
S4481,90.0,67.0,95.0,9.0,No,90.0,Good
S4484,90.0,35.0,95.0,3.0,Yes,81.0,Good
S4487,80.0,72.0,95.0,3.0,No,61.0,Average
S4488,90.0,62.0,95.0,3.0,Yes,80.0,Average
S4490,90.0,80.0,95.0,5.0,Yes,61.0,At-Risk
S4493,90.0,80.0,95.0,9.0,No,38.0,Average
S4495,95.0,62.0,95.0,3.0,Yes,78.0,Average
S4496,90.0,90.0,95.0,3.0,Yes,66.0,At-Risk
S4501,80.0,62.0,95.0,3.0,Yes,78.0,Average
S4503,90.0,80.0,95.0,2.0,No,80.0,Good
S4507,90.0,39.0,95.0,10.0,No,83.0,At-Risk
S4508,90.0,80.0,95.0,3.0,Yes,80.0,Good
S4510,90.0,75.0,95.0,3.0,Yes,61.0,Good
S4514,90.0,39.0,95.0,3.0,No,80.0,Good
S4515,80.0,55.0,95.0,4.0,No,61.0,Good
S4516,95.0,62.0,95.0,8.0,No,61.0,Average
S4517,90.0,90.0,95.0,3.0,Yes,80.0,Good
S4519,90.0,87.0,95.0,3.0,No,72.0,Good
S4523,90.0,80.0,95.0,3.0,No,88.0,At-Risk
S4524,90.0,62.0,95.0,3.0,Yes,80.0,Good
S4525,90.0,87.0,95.0,3.0,No,80.0,Average
S4526,80.0,62.0,95.0,10.0,Yes,61.0,At-Risk
S4530,90.0,80.0,95.0,7.0,Yes,80.0,Good
S4534,90.0,62.0,95.0,3.0,No,61.0,At-Risk
S4538,80.0,62.0,95.0,2.0,Yes,80.0,At-Risk
S4540,90.0,80.0,95.0,3.0,No,76.0,Good
S4543,90.0,80.0,95.0,8.0,No,61.0,Good
S4551,90.0,80.0,95.0,4.0,Yes,45.0,Average
S4552,80.0,80.0,95.0,3.0,No,80.0,Average
S4553,80.0,62.0,95.0,4.0,Yes,55.0,Average
S4554,90.0,80.0,95.0,7.0,Yes,80.0,Average
S4555,88.0,80.0,95.0,6.0,Yes,61.0,At-Risk
S4556,90.0,62.0,95.0,3.0,Yes,61.0,Good
S4557,80.0,80.0,95.0,9.0,Yes,61.0,Average
S4559,90.0,50.0,95.0,9.0,Yes,80.0,At-Risk
S4561,80.0,80.0,95.0,10.0,Yes,80.0,Average
S4564,87.0,80.0,95.0,6.0,No,61.0,Good
S4568,80.0,62.0,95.0,10.0,Yes,80.0,At-Risk
S4569,90.0,88.0,95.0,3.0,Yes,61.0,At-Risk
S4571,80.0,80.0,95.0,3.0,Yes,80.0,At-Risk
S4574,90.0,35.0,95.0,4.0,No,73.0,Good
S4575,95.0,80.0,95.0,2.0,No,60.0,Average
S4578,90.0,80.0,95.0,3.0,Yes,61.0,Good
S4585,90.0,72.0,95.0,3.0,No,62.0,At-Risk
S4586,80.0,80.0,95.0,3.0,Yes,72.0,At-Risk
S4589,80.0,62.0,95.0,1.0,Yes,85.0,Average
S4590,80.0,80.0,95.0,3.0,Yes,61.0,Good
S4592,90.0,59.0,95.0,3.0,Yes,61.0,At-Risk
S4593,90.0,80.0,95.0,3.0,Yes,61.0,Average
S4594,90.0,41.0,95.0,3.0,Yes,61.0,Average
S4601,80.0,84.0,95.0,4.0,Yes,61.0,Average
S4603,90.0,62.0,95.0,3.0,No,80.0,Good
S4605,80.0,62.0,95.0,3.0,Yes,80.0,At-Risk
S4606,90.0,80.0,95.0,3.0,No,80.0,Good
S4609,90.0,93.0,95.0,10.0,Yes,61.0,Good
S4610,90.0,89.0,95.0,3.0,Yes,35.0,At-Risk
S4611,80.0,94.0,95.0,6.0,Yes,61.0,Good
S4612,90.0,80.0,95.0,3.0,Yes,80.0,Average
S4614,90.0,39.0,95.0,4.0,Yes,80.0,At-Risk
S4616,90.0,62.0,95.0,9.0,Yes,61.0,Good
S4617,90.0,62.0,95.0,5.0,Yes,61.0,Average
S4620,80.0,80.0,95.0,6.0,No,61.0,Average
S4621,90.0,80.0,95.0,3.0,No,61.0,Good
S4625,90.0,62.0,95.0,4.0,Yes,61.0,At-Risk
S4626,90.0,64.0,95.0,2.0,Yes,76.0,Good
S4631,80.0,62.0,95.0,7.0,No,80.0,Average
S4642,80.0,80.0,95.0,3.0,Yes,80.0,At-Risk
S4643,90.0,80.0,95.0,9.0,Yes,56.0,Good
S4644,90.0,35.0,95.0,3.0,Yes,72.0,Good
S4645,90.0,68.0,95.0,3.0,No,80.0,At-Risk
S4646,90.0,66.0,95.0,7.0,Yes,61.0,Good
S4650,90.0,62.0,95.0,8.0,No,61.0,Good
S4653,80.0,80.0,95.0,1.0,Yes,80.0,Good
S4655,90.0,80.0,95.0,9.0,Yes,80.0,At-Risk
S4656,80.0,80.0,95.0,5.0,No,61.0,At-Risk
S4657,90.0,89.0,95.0,3.0,No,61.0,Good
S4659,80.0,88.0,95.0,3.0,No,80.0,Average
S4670,89.0,58.0,95.0,4.0,Yes,80.0,At-Risk
S4675,80.0,62.0,95.0,10.0,No,63.0,Average
S4677,90.0,74.0,95.0,6.0,Yes,61.0,At-Risk
S4678,90.0,62.0,95.0,4.0,Yes,61.0,Good
S4686,96.0,80.0,95.0,1.0,Yes,67.0,Good
S4687,80.0,80.0,95.0,9.0,Yes,61.0,Good
S4689,90.0,62.0,95.0,3.0,Yes,80.0,Good
S4692,90.0,62.0,95.0,3.0,Yes,90.0,Average
S4694,80.0,80.0,95.0,3.0,Yes,55.0,Good
S4695,90.0,39.0,95.0,3.0,Yes,61.0,At-Risk
S4698,90.0,80.0,95.0,3.0,Yes,61.0,Good
S4700,90.0,62.0,95.0,2.0,Yes,80.0,Good
S4701,90.0,62.0,95.0,3.0,Yes,61.0,At-Risk
S4702,84.0,45.0,95.0,3.0,No,87.0,Average
S4705,90.0,49.0,95.0,3.0,No,70.0,At-Risk
S4706,91.0,62.0,95.0,3.0,Yes,61.0,At-Risk
S4707,80.0,80.0,95.0,4.0,Yes,78.0,At-Risk
S4708,90.0,87.0,95.0,6.0,Yes,61.0,Good
S4712,80.0,62.0,95.0,4.0,No,80.0,At-Risk
S4715,90.0,83.0,95.0,2.0,Yes,61.0,Good
S4718,80.0,65.0,95.0,3.0,Yes,80.0,Good
S4719,90.0,80.0,95.0,3.0,Yes,61.0,Average
S4721,90.0,35.0,95.0,3.0,Yes,61.0,Good
S4722,85.0,35.0,95.0,4.0,No,86.0,At-Risk
S4725,90.0,62.0,95.0,3.0,No,47.0,Good
S4726,90.0,62.0,95.0,5.0,Yes,83.0,Good
S4727,80.0,80.0,95.0,6.0,Yes,80.0,At-Risk
S4732,92.0,80.0,95.0,5.0,Yes,47.0,Good
S4734,90.0,62.0,95.0,7.0,Yes,57.0,At-Risk
S4735,90.0,62.0,95.0,7.0,Yes,61.0,Good
S4736,90.0,51.0,95.0,9.0,No,80.0,At-Risk
S4737,90.0,80.0,95.0,4.0,Yes,80.0,Good
S4743,90.0,41.0,95.0,3.0,No,61.0,Good
S4744,90.0,80.0,95.0,6.0,Yes,61.0,At-Risk
S4745,90.0,62.0,95.0,3.0,No,61.0,Good
S4751,90.0,62.0,95.0,1.0,Yes,61.0,Average
S4754,90.0,62.0,95.0,8.0,Yes,61.0,At-Risk
S4757,90.0,83.0,95.0,3.0,Yes,94.0,Good
S4758,90.0,62.0,95.0,3.0,Yes,80.0,Average
S4764,83.0,80.0,95.0,4.0,Yes,80.0,At-Risk
S4765,90.0,52.0,95.0,2.0,Yes,62.0,Good
S4771,90.0,80.0,95.0,4.0,No,61.0,Good
S4772,91.0,80.0,95.0,4.0,Yes,80.0,Good
S4775,90.0,80.0,95.0,3.0,Yes,80.0,Average
S4780,90.0,62.0,95.0,9.0,Yes,80.0,Good
S4784,90.0,80.0,95.0,3.0,Yes,80.0,Good
S4786,90.0,80.0,95.0,8.0,Yes,61.0,Average
S4788,90.0,62.0,95.0,3.0,No,61.0,Average
S4792,89.0,80.0,95.0,1.0,No,42.0,Average
S4793,96.0,80.0,95.0,8.0,No,61.0,At-Risk
S4797,90.0,62.0,95.0,3.0,Yes,80.0,Good
S4800,90.0,74.0,95.0,3.0,Yes,80.0,Good
S4802,90.0,80.0,95.0,3.0,No,80.0,Good
S4804,94.0,62.0,95.0,3.0,Yes,61.0,Good
S4808,90.0,62.0,95.0,3.0,Yes,80.0,Average
S4809,80.0,80.0,95.0,3.0,Yes,61.0,Average
S4810,90.0,62.0,95.0,3.0,Yes,32.5,Good
S4811,80.0,82.0,95.0,3.0,No,80.0,Good
S4812,90.0,81.0,95.0,6.0,Yes,61.0,Average
S4813,80.0,59.0,95.0,2.0,No,80.0,At-Risk
S4815,90.0,62.0,95.0,3.0,No,61.0,At-Risk
S4817,94.0,62.0,95.0,9.0,Yes,61.0,Good
S4818,90.0,62.0,95.0,6.0,Yes,80.0,Good
S4819,90.0,80.0,95.0,3.0,No,89.0,Average
S4825,80.0,62.0,95.0,6.0,Yes,89.0,At-Risk
S4827,90.0,62.0,95.0,3.0,Yes,80.0,Good
S4830,90.0,62.0,95.0,4.0,Yes,61.0,Good
S4837,90.0,94.0,95.0,4.0,Yes,61.0,Good
S4838,96.0,57.0,95.0,9.0,Yes,80.0,Good
S4840,90.0,42.0,95.0,3.0,No,72.0,Average
S4841,90.0,62.0,95.0,3.0,No,54.0,At-Risk
S4842,90.0,62.0,95.0,7.0,Yes,61.0,Average
S4844,90.0,80.0,95.0,8.0,Yes,54.0,At-Risk
S4854,80.0,95.0,95.0,3.0,No,71.0,Average
S4859,90.0,80.0,95.0,3.0,Yes,61.0,Average
S4861,80.0,71.0,95.0,8.0,Yes,80.0,Average
S4865,90.0,80.0,95.0,3.0,Yes,60.0,Good
S4867,90.0,72.0,95.0,2.0,No,49.0,Good
S4868,80.0,63.0,95.0,8.0,Yes,61.0,Good
S4869,90.0,51.0,95.0,3.0,No,57.0,Average
S4873,90.0,53.0,95.0,8.0,No,61.0,At-Risk
S4880,90.0,86.0,95.0,3.0,No,90.0,At-Risk
S4883,80.0,80.0,95.0,3.0,Yes,61.0,Good
S4886,90.0,62.0,95.0,3.0,Yes,61.0,Good
S4888,90.0,80.0,95.0,3.0,Yes,80.0,Good
S4896,90.0,55.0,95.0,1.0,Yes,80.0,Good
S4899,90.0,80.0,95.0,3.0,Yes,57.0,Average
S4900,90.0,62.0,95.0,3.0,Yes,80.0,At-Risk
S4901,90.0,62.0,95.0,10.0,Yes,80.0,At-Risk
S4904,80.0,62.0,95.0,8.0,No,61.0,Average
S4909,90.0,64.0,95.0,3.0,No,41.0,Average
S4918,90.0,80.0,95.0,10.0,No,82.0,Average
S4919,80.0,62.0,95.0,6.0,Yes,93.0,At-Risk
S4921,90.0,80.0,95.0,5.0,Yes,61.0,Average
S4924,90.0,80.0,95.0,3.0,Yes,46.0,Good
S4925,87.0,80.0,95.0,7.0,Yes,80.0,Average
S4926,90.0,54.0,95.0,1.0,Yes,42.0,At-Risk
S4936,90.0,62.0,95.0,3.0,Yes,80.0,At-Risk
S4940,89.0,62.0,95.0,8.0,No,80.0,Good
S4941,90.0,80.0,95.0,5.0,Yes,61.0,At-Risk
S4943,90.0,62.0,95.0,3.0,No,66.0,At-Risk
S4944,90.0,80.0,95.0,8.0,Yes,61.0,Good
S4946,80.0,91.0,95.0,10.0,Yes,80.0,At-Risk
S4949,80.0,80.0,95.0,3.0,No,80.0,Average
S4950,90.0,35.0,95.0,1.0,No,80.0,At-Risk
S4957,88.0,80.0,95.0,3.0,No,61.0,At-Risk
S4958,90.0,74.0,95.0,3.0,No,80.0,Good
S4959,90.0,80.0,95.0,3.0,No,67.0,Good
S4961,90.0,91.0,95.0,3.0,Yes,61.0,Good
S4962,83.0,80.0,95.0,5.0,No,61.0,Good
S4963,90.0,72.0,95.0,3.0,No,61.0,Good
S4965,80.0,90.0,95.0,3.0,Yes,80.0,Average
S4966,90.0,80.0,95.0,3.0,No,43.0,At-Risk
S4968,96.0,62.0,95.0,3.0,Yes,61.0,Good
S4970,90.0,62.0,95.0,9.0,Yes,80.0,Good
S4971,90.0,80.0,95.0,3.0,Yes,72.0,At-Risk
S4972,90.0,79.0,95.0,3.0,Yes,80.0,Good
S4975,90.0,62.0,95.0,1.0,No,80.0,At-Risk
S4981,80.0,46.0,95.0,3.0,Yes,61.0,Average
S4983,80.0,80.0,95.0,5.0,Yes,44.0,Average
S4987,80.0,80.0,95.0,3.0,Yes,38.0,Average
S4990,90.0,46.0,95.0,6.0,No,61.0,Average
S4991,90.0,62.0,95.0,3.0,No,85.0,Good
S4992,90.0,62.0,95.0,3.0,Yes,61.0,Average
S4994,90.0,80.0,95.0,5.0,Yes,80.0,Average
S4995,90.0,44.0,95.0,5.0,No,61.0,Average
S4997,90.0,80.0,95.0,3.0,Yes,95.0,Good